h-niyya	Umar ibn al-Khattab	A intenção transforma o hábito em adoração: o trabalho, o estudo e a despesa com a própria família são recompensados pela intenção.
h-qulub	Abu Hurayra	A medida do valor perante Allah é o coração e as obras, não a aparência, a riqueza nem a posição social.
h-ridallah	Aisha	Um remédio para agradar às pessoas à custa dos princípios: quem põe primeiro a satisfação de Allah, Allah basta-lhe perante as pessoas.
h-khafi	Saad ibn Abi Waqqas	Passar despercebido e não procurar ser visto é uma qualidade amada, numa época em que as pessoas se medem pelo número de seguidores.
h-ghadab-julus	Abu Dharr	Um remédio prático e físico: mudar a posição do corpo quebra o ímpeto da raiva e afasta-te de agir precipitadamente.
h-ghadab-istiadha	Sulayman ibn Surad	Procurar refúgio em Allah é a primeira coisa a dizer quando se está zangado.	Quando a raiva se intensifica
h-ghadab-sukut	Ibn Abbas	O que as pessoas mais lamentam na raiva é o que disseram; o silêncio temporário protege a relação.
h-kazm	Muadh ibn Anas	Conter a raiva vale mais quando és capaz de te vingar.
h-rifq	Aisha	A brandura não é fraqueza, mas uma forma mais bem-sucedida de chegar ao resultado.
h-rifq-zana	Aisha	O Profeta ﷺ disse-o a Aisha quando ela montava um camelo difícil e o puxava de um lado para o outro; brandura até com os animais.
h-muflis-tabbaan	Abdullah ibn Masud	Mesmo numa disputa, a língua do crente mantém-se limpa.
h-afw-izz	Abu Hurayra	As pessoas temem que o seu perdão seja visto como fraqueza, por isso veio a promessa: o perdão aumenta a honra, não a reduz.
h-zulm-zulumat	Jabir ibn Abdullah	Uma advertência para o injusto e um consolo para o oprimido.
h-dawat-mazlum	Ibn Abbas (do conselho do Profeta ﷺ a Muadh)	O oprimido tem uma arma que nunca é bloqueada, e quem tem poder tem uma advertência severa.
h-unsur	Anas ibn Malik	Ajudar um amigo que faz o mal significa impedi-lo, não apoiá-lo nisso.
h-muflis	Abu Hurayra	Os direitos das pessoas não são anulados pelos atos de adoração, e o oprimido nunca perde o seu direito.
h-la-darar	Ibn Abbas e Ubada ibn al-Samit	Uma grande máxima jurídica: não se pode iniciar um dano nem responder com um dano maior; uma base para recusar os maus-tratos contínuos.
h-la-yuldagh	Abu Hurayra	O perdão não significa ingenuidade; o crente aprende com a experiência e põe limites que o protegem de voltar a ser magoado.
h-yuhibbu	Anas ibn Malik	O remédio mais profundo para a inveja: desejar para os outros o que desejas para ti.
h-la-tahasadu	Abu Hurayra	Uma lista do que arruína a fraternidade: a inveja, o ódio, virar as costas e a concorrência desleal.
h-hasad-ithnatayn	Abdullah ibn Masud	«Inveja» significa aqui uma emulação saudável: desejar uma bênção como a de outro sem querer que lha tirem, e só nas coisas boas.
h-hajr-thalath	Abu Ayyub al-Ansari	O afastamento tem um limite de tempo, e o melhor é o que cumprimenta primeiro, não o que espera.
h-istalaha	Abu Hurayra	O rancor atrasa o perdão; a reconciliação não é uma cortesia social, mas um ato de adoração.
h-islah	Abu al-Darda	«A que rapa»: rapa a religião como a navalha rapa o cabelo, por isso reparar as relações é um dos atos de devoção mais elevados.
h-mira	Abu Umama al-Bahili	Deixa a discussão estéril mesmo que tenhas razão: ganhar um debate nem sempre é uma vitória para a relação.
h-afshu-salam	Abu Hurayra	Cumprimentar com a paz é a chave mais simples para quebrar o gelo e construir o afeto.
h-akhbirhu	al-Miqdam ibn Madikarib	Exprimir os sentimentos positivos é uma Sunna, não uma fraqueza.
h-tahadu	Abu Hurayra	Um pequeno presente derrete a frieza.
h-khalil	Abu Hurayra	Um amigo transforma-te sem que dês por isso, por isso escolher as tuas companhias é uma decisão determinante.
h-jalis	Abu Musa al-Ashari	Do bom companheiro beneficias em qualquer caso, e do mau sais prejudicado em qualquer caso, mesmo que não ajas como ele.
h-maa-man-ahabb	Anas ibn Malik e Ibn Masud	Amar os justos eleva-te até eles, mesmo que as tuas obras fiquem aquém.
h-yashkur-nas	Abu Hurayra	Agradecer às pessoas faz parte de agradecer a Allah.
h-kafiuhu	Abdullah ibn Umar	A súplica é o pagamento de quem não tem mais nada para dar.
h-ghiba	Abu Hurayra	A maledicência é mencionar um defeito real, e a calúnia é mencionar um defeito que não existe; ambas são proibidas.
h-yaqul-khayran	Abu Hurayra	Um teste simples antes de falar: é bom? Se não for, então o silêncio.
h-kalima	Abu Hurayra	Uma palavra passageira pode ser o que mais pesa na balança.
h-muslim-salima	Abdullah ibn Amr	Uma definição prática do islão: as pessoas estarem a salvo do teu mal.
h-zann	Abu Hurayra	A má suspeita apresenta-se como «intuição», e o Profeta ﷺ chamou-lhe a mais falsa das palavras.
h-kalima-tayyiba	Abu Hurayra	Quem não tem dinheiro ainda tem uma boa palavra para dar em caridade.
h-sitr	Abu Hurayra	Portas que se multiplicam: aliviar, facilitar e encobrir; e a recompensa é do mesmo tipo que a obra.
h-mujahirin	Abu Hurayra	Quem cai no pecado deve ficar sob o véu de Allah e não se expor, e arrepender-se entre si e o seu Senhor.
h-munafiq	Abu Hurayra	Três sinais práticos para pôr a confiança à prova, nos outros e em si mesmo.
h-da-ma-yaribuk	al-Hasan ibn Ali	Quando tiveres dúvidas, escolhe aquilo com que o coração está em paz; a sinceridade é tranquilidade de espírito antes de ser um dever.
h-birr-ithm	al-Nawwas ibn Saman	Uma bússola interior: o que não gostarias que as pessoas descobrissem costuma ter algo de errado.
h-mustashar	Abu Hurayra	Quem é consultado deve aconselhar com honestidade, e quem procura conselho deve escolher alguém digno de confiança.
h-atqan	Aisha	Fazer bem o trabalho é adoração, mesmo que ninguém esteja a ver.
h-ajir	Abdullah ibn Umar	O direito do trabalhador ao seu salário de imediato, sem atraso.
h-kullukum-rai	Abdullah ibn Umar	Cada um é responsável no seu próprio círculo: o pai, a mãe, o chefe e o funcionário.
h-ada-dayn	Abu Hurayra	Uma intenção sincera de devolver traz a ajuda de Allah para saldar a dívida.
h-matl	Abu Hurayra	Atrasar o que se deve a alguém quando se pode pagar é uma injustiça clara.
h-samh	Jabir ibn Abdullah	Uma generosidade de trato fácil, mesmo ao reclamar o que te é devido.
h-inzar	Abu al-Yasar	Dar mais prazo a um devedor em dificuldades, ou perdoar-lhe a dívida, é uma obra de grande recompensa.
h-ghina-nafs	Abu Hurayra	A verdadeira riqueza é uma sensação de suficiência, não um número numa conta.
h-kafaf	Abdullah ibn Amr	O êxito não exige riqueza: o islão, o suficiente e o contentamento.
h-amin-sirbih	Ubaydullah ibn Mihsan	Redefinir a bênção: a segurança, a boa saúde e a comida de hoje são todo «este mundo».
h-unzuru-asfal	Abu Hurayra	Uma regra psicológica precisa: a direção da comparação decide quão abençoado te sentes; nas coisas da religião, olha para quem está acima.
h-tawakkul-tayr	Umar ibn al-Khattab	Os pássaros «saem de manhã»: partem e procuram; a verdadeira confiança em Allah inclui o esforço a par de um coração calmo.
h-iqilha	Anas ibn Malik	Confiar em Allah não significa abandonar os meios; usa todos os meios e depois deixa o resultado a Allah.
h-hatab	al-Zubayr ibn al-Awwam	Não há vergonha no trabalho humilde; a dignidade está no ganho lícito, por mais modesto que seja.
h-kafil-yatim	Sahl ibn Saad	Cuidar de um órfão eleva uma pessoa a estar junto do Profeta ﷺ.
h-armala	Abu Hurayra	Servir os fracos equivale aos maiores atos de adoração.
h-la-tahqiranna	Abu Dharr	A mais pequena bondade tem valor: uma porta prática para quem se sente incapaz de fazer o bem.
h-anfauhum	Abdullah ibn Umar	Para quem sente que perdeu o sentido, beneficiar as pessoas é uma porta larga para o recuperar.
h-khayrukum-ahlih	Aisha	O verdadeiro carácter mede-se dentro de casa, não fora dela.
h-akmal-iman	Abu Hurayra	A perfeição da fé está ligada a tratar bem a esposa.
h-la-yafrak	Abu Hurayra	Um olhar equilibrado: não julgues o teu cônjuge por um defeito esquecendo o que tem de bom. Vale para ambos os esposos.
h-istawsu	Abu Hurayra	Uma instrução profética repetida para tratar bem as mulheres.
h-radiya-ghadba	Aisha	A atenção do Profeta ﷺ aos sinais mais subtis dos sentimentos da sua esposa, e a sua forma calma de lidar com a zanga dela sem escalar.
h-mataa	Abdullah ibn Amr	Uma esposa virtuosa é a maior bênção deste mundo.
h-dhat-din	Abu Hurayra	O critério de escolha: a religião e o carácter são a base, sem descurar outras considerações.
h-tardawna	Abu Hurayra	Uma orientação para as famílias: não dificulteis o casamento com exigências materiais exageradas.
h-shabab	Abdullah ibn Masud	Soluções práticas para o desejo: o casamento quando se pode, e o jejum quando não.
h-thalatha-awn	Abu Hurayra	Quem procura casar com intenção de castidade, Allah ajudá-lo-á.
h-rughm	Abu Hurayra	A velhice dos pais é uma oportunidade de ouro para o Paraíso, não apenas um fardo.
h-rida-walid	Abdullah ibn Amr	Honrar os pais é um caminho direto para a satisfação de Allah, em tudo o que não seja desobedecer-Lhe.
h-asma-umm	Asma bint Abi Bakr	Uma diferença de religião ou de prática não anula o dever de bondade e de manter os laços.
h-sila-rizq	Anas ibn Malik	Manter os laços de parentesco traz bênção no sustento e na vida.
h-mal	Abu Hurayra	Quem mantém os laços com parentes frios para com ele tem um auxiliar da parte de Allah, e o pecado recai sobre eles, não sobre ele.
h-adl-awlad	al-Numan ibn Bashir	Favorecer um filho em detrimento de outro naquilo que se dá semeia inimizade entre eles.
h-yarham-saghir	Abdullah ibn Amr	Misericórdia para com os pequenos e respeito pelos mais velhos, em conjunto.
h-rahimun	Abdullah ibn Amr	A misericórdia para com a criação é um caminho para a misericórdia do Criador.
h-walad-salih	Abu Hurayra	Honrar os pais não termina com a morte: a tua súplica e a tua caridade em seu nome chegam-lhes.
h-kalima-lil-ahl	Saad ibn Abi Waqqas	Até um bocado que dás à tua esposa é caridade com a intenção certa; gastar com a família é adoração.
h-ajaban	Suhayb al-Rumi	O crente ganha em todas as situações: com a gratidão na bênção e a paciência na dificuldade.
h-nasab	Abu Said al-Khudri e Abu Hurayra	Até a preocupação e a tristeza emocional, e não só a dor física, trazem recompensa e expiação.
h-ashadd-bala	Saad ibn Abi Waqqas	Uma provação severa não é sinal de ira; pode até ser sinal de grau elevado.
h-azam-jaza	Anas ibn Malik	A tua atitude perante a provação (aceitação ou ressentimento) é o que decide o seu fruto.
h-maradh-kutib	Abu Musa al-Ashari	A doença não corta a recompensa da tua adoração habitual, por isso não te entristeças com o que a doença te impede de fazer.
h-dawa	Abu Hurayra	A esperança de cura faz parte da fé, e procurá-la é usar os meios.
h-tadawaw	Usama ibn Sharik	Procurar tratamento está ordenado, incluindo os cuidados de saúde mental; ir ao médico não contradiz a confiança em Allah.
h-habibatayn	Anas ibn Malik	Perder um sentido precioso, enfrentado com paciência, é compensado com o Paraíso.
h-la-yatamanna	Anas ibn Malik	Uma proibição clara de desejar a morte por causa da dor, que encaminha os sentimentos pesados para uma súplica que deixa o assunto a Allah.	Na angústia severa e no desespero
h-yurid-khayran	Abu Hurayra	Uma desgraça pode ser uma porta para um bem que Allah quis para ti.
h-sabr-diya	Abu Malik al-Ashari	A paciência é «resplendor», uma luz que traz consigo calor e dureza, ao contrário da oração, que é pura «luz».
h-yatasabbar	Abu Said al-Khudri	A paciência é uma capacidade que se ganha com a prática: a quem se esforça por ela, Allah ajuda.
h-hamm	Anas ibn Malik	A preocupação é com o futuro e a tristeza com o passado; esta súplica abrange oito portas da fraqueza humana.	De manhã, à tarde e em momentos de preocupação
h-karb	Ibn Abbas	A súplica da angústia: o Profeta ﷺ dizia-a nos momentos difíceis.	Na angústia e na dificuldade severa
h-dhunnun	Saad ibn Abi Waqqas	Declarar a unicidade de Allah, glorificá-Lo e reconhecer a própria falta: três chaves do alívio.	Em qualquer angústia
h-abduk	Abdullah ibn Masud	Uma súplica que une a submissão ao decreto de Allah ao pedido de que o Alcorão seja o remédio da tristeza.	Na preocupação e na tristeza
h-rahmataka	Abu Bakra	Pedir a Allah que não te deixe entregue a ti mesmo nem por um instante, e que endireite «todos» os teus assuntos.	Na dificuldade e quando os assuntos estão dispersos
h-hasbuna	Ibn Abbas	As grandes palavras de confiança quando se teme as pessoas ou o futuro.	No medo, na ameaça e na injustiça
h-bismillah-yadurr	Uthman ibn Affan	Uma recordação diária de proteção que acalma um coração ansioso.	Três vezes de manhã e à tarde
h-ruqya-alam	Uthman ibn Abi al-As	Uma ruqya profética que o doente recita sobre si mesmo.	Na dor e na doença
h-adhhib-bas	Aisha	O Profeta ﷺ procurava proteção com ela para os membros da sua família.	Para os doentes e para quem os visita
h-la-bas	Ibn Abbas	Uma palavra profética de conforto que faz da doença uma purificação, não um castigo.	Ao visitar um doente
h-ayn-haqq	Abu Hurayra	Uma afirmação do mau-olhado, proibindo ao mesmo tempo temê-lo em excesso ou explicar tudo por ele.
h-barrakt	Abu Umama ibn Sahl ibn Hunayf	Prevenir o mau-olhado do lado de quem olha: dizer «Que Allah to abençoe» quando algo o impressiona.
h-muawwidhat	Uqba ibn Amir	As duas últimas suratas são a maior proteção.	De manhã, à tarde e antes de dormir
h-uidhukuma	Ibn Abbas	Proteger as crianças com a recordação de Allah.	Para proteger as crianças
h-khattaun	Anas ibn Malik	Errar faz parte da natureza humana; a excelência está em voltar depressa.
h-farah-tawba	Anas ibn Malik	Allah não só aceita o teu arrependimento; alegra-Se com ele: uma imagem que quebra o desespero pelo pecado.
h-yabsut-yadah	Abu Musa al-Ashari	A porta do arrependimento está aberta a qualquer hora.
h-ma-daawtani	Anas ibn Malik	Nenhum pecado é maior do que o perdão de Allah para quem O invoca e espera n'Ele.
h-sayyid-istighfar	Shaddad ibn Aws	Quem a diz durante o dia com convicção e morre nesse dia está entre a gente do Paraíso.	De manhã, à tarde e depois de um pecado
h-atbi-sayyia	Abu Dharr e Muadh ibn Jabal	Um método prático: não esperes pela perfeição; faz seguir cada má ação de uma boa.
h-qatil-mia	Abu Said al-Khudri	Nenhum pecado fecha a porta do arrependimento, e mudar de ambiente é uma parte essencial da mudança.
h-waswasa-sarih	Abu Hurayra	Detestar os sussurros e achá-los monstruosos é sinal de fé, não de descrença.
h-tajawaz	Abu Hurayra	Os pensamentos que passam pela mente sem ação nem palavra não te são imputados por Allah.
h-waswasa-intahi	Abu Hurayra	O remédio para os sussurros: procura refúgio, e depois deixa de seguir o pensamento; não discutas com ele.
h-muqallib	Anas ibn Malik	Até o Profeta ﷺ pedia firmeza; a flutuação do coração é natural, e a súplica é o seu remédio.	Sempre, e quando a fé parece fraca
h-ahdini	Ali ibn Abi Talib	Uma súplica curta e completa para cada decisão ou tarefa.	Antes de decisões e tarefas
h-taqwaha	Zayd ibn Arqam	Purificar a alma procurando a ajuda de Allah, não só com a própria força.	Para purificar a alma
h-kfini-halal	Ali ibn Abi Talib	O Profeta ﷺ ensinou-a a um homem que não conseguia pagar o que devia, e disse: mesmo que tivesses uma dívida como uma montanha, Allah pagá-la-ia por ti.	Para saldar dívidas e alargar o sustento
h-la-sahl	Anas ibn Malik	Uma súplica para tornar fácil o difícil: os exames e as tarefas pesadas.	Antes de um exame ou de uma tarefa difícil
h-zawal-nima	Abdullah ibn Umar	Procurar refúgio para conservar as bênçãos que tens.	Quando temes perder uma bênção
h-istijaba-ajal	Abu Hurayra	A impaciência e abandonar a súplica são os maiores obstáculos à resposta.
h-nuzul	Abu Hurayra	Um encontro diário e aberto com Allah na última parte da noite.
h-sujud	Abu Hurayra	A prostração é o momento mais próximo, por isso põe nela as tuas preocupações.
h-hazabahu	Hudhayfa ibn al-Yaman	A oração é o primeiro refúgio a que o crente recorre quando acontece algo importante.
h-arihna	Um homem de Khuzaa	A oração é descanso do cansaço, não um cansaço de que se descansa.
h-din-yusr	Abu Hurayra	Ser demasiado duro contigo mesmo acaba em desistência; «aponta para o correto, e se não o conseguires alcançar, aproxima-te».
h-adwamuha	Aisha	Manter um pouco é mais proveitoso do que um entusiasmo passageiro por muito: o princípio de construir hábitos.
h-haqq-nafs	Abu Juhayfa (disse-o Salman a Abu al-Darda, e o Profeta ﷺ confirmou-o)	Equilíbrio entre a adoração, a própria pessoa, a família e o trabalho.
h-nimatan	Ibn Abbas	A maioria das pessoas sai a perder na forma como investe a saúde e o tempo livre.
h-ightanim	Ibn Abbas	Um plano de vida em resumo: cada bênção presente é uma oportunidade antes que mude.
h-muamin-qawi	Abu Hurayra	Um método completo: empenho + pedir ajuda + não desistir antes do acontecimento, e contentamento e deixar o «se ao menos» depois dele.
h-ihfadh	Ibn Abbas	Na narração de Ahmad: «Sabe que a vitória vem com a paciência, o alívio com a angústia, e com a dificuldade vem a facilidade». Um remédio de raiz para o medo das pessoas.
h-yassiru	Anas ibn Malik	Uma regra para a educação, a liderança e o convite ao bem.
h-ihsan	Shaddad ibn Aws	A excelência é exigida em todas as obras, mesmo nas situações mais duras.
h-makarim	Abu Hurayra	O bom carácter é o objetivo da mensagem, não a sua margem.
h-ahsanukum-khuluqan	Jabir ibn Abdullah	O bom carácter é o caminho para estar perto do Profeta ﷺ na outra vida.
h-kibr	Abdullah ibn Masud	Uma definição precisa da arrogância: rejeitar a verdade e menosprezar as pessoas; nada tem a ver com uma boa aparência.
h-tawadau	Iyad ibn Himar	A humildade impede duas coisas: a vanglória e o abuso.
h-nasiha	Tamim al-Dari	O conselho sincero significa querer o bem para quem é aconselhado, e dá-se com brandura e em privado.
h-munkar	Abu Said al-Khudri	Níveis para se opor ao mal segundo a capacidade, tendo cuidado para que opor-se não leve a um mal maior.
h-sabaa-yuzilluhum	Abu Hurayra	Resistir ao desejo no auge da tentação eleva uma pessoa à sombra do Trono.
h-man-taraka	Um homem do deserto, do Profeta ﷺ	Deixar algo proibido, ou uma relação proibida, não é uma perda: o que Allah dá em troca é maior.
h-man-la-yarham	Abu Hurayra e Jarir	A misericórdia ganha-se com misericórdia.
h-hayaa	Imran ibn Husayn	O pudor é um traço que protege quem o tem, e não significa uma timidez que afaste da verdade.
