lib:h-habibatayn	Allah disse: «Se Eu provar o Meu servo nos seus dois entes queridos e ele for paciente, compensá-lo-ei por eles com o Paraíso», referindo-Se aos seus olhos.
lib:h-la-yatamanna	Que nenhum de vós deseje a morte por causa de um mal que o atingiu. Se tiver mesmo de o fazer, que diga: «Ó Allah, mantém-me vivo enquanto a vida for melhor para mim, e leva-me quando a morte for melhor para mim».
lib:h-yurid-khayran	Quando Allah quer o bem para alguém, põe-no à prova.
lib:h-sabr-diya	…A oração é luz, a caridade é prova e a paciência é resplendor…
lib:h-yatasabbar	Quem se esforça por ser paciente, Allah torna-o paciente. E a ninguém foi dado um dom melhor e mais vasto do que a paciência.
lib:h-hamm	Ó Allah, refugio-me em Ti contra a preocupação e a tristeza, contra a incapacidade e a preguiça, contra a cobardia e a avareza, contra o peso das dívidas e contra o ser dominado pelos homens.
lib:h-karb	Não há divindade além de Allah, o Grandioso, o Indulgente. Não há divindade além de Allah, Senhor do Trono Grandioso. Não há divindade além de Allah, Senhor dos céus, Senhor da terra e Senhor do Nobre Trono.
lib:h-dhunnun	A súplica de Dhun-Nun (Yunus) quando suplicou no ventre da baleia foi: «Não há divindade além de Ti, glorificado sejas; certamente, fui dos injustos». Nenhum muçulmano suplica com ela por algo sem que Allah lhe responda.
lib:h-abduk	Ninguém é atingido pela preocupação ou pela tristeza e diz: «Ó Allah, sou Teu servo, filho do Teu servo, filho da Tua serva; a minha fronte está na Tua mão; o Teu juízo sobre mim cumpre-se, e o Teu decreto sobre mim é justo. Peço-Te por cada nome que é Teu… que faças do Alcorão a primavera do meu coração, a luz do meu peito, o que remove a minha tristeza e alivia a minha angústia», sem que Allah lhe tire a preocupação e a tristeza e lhas troque por alívio.
lib:h-rahmataka	As súplicas do angustiado: «Ó Allah, é a Tua misericórdia que espero; não me deixes entregue a mim mesmo nem por um piscar de olhos, e endireita todos os meus assuntos. Não há divindade além de Ti».
lib:h-hasbuna	«Allah basta-nos, e que excelente Protetor é Ele»: disse-o Ibrahim quando foi lançado ao fogo, e disse-o Muhammad ﷺ quando lhe disseram: «As pessoas reuniram-se contra vós, por isso temei-as».
lib:h-bismillah-yadurr	Quem disser três vezes: «Em nome de Allah, com cujo nome nada na terra nem no céu pode causar dano, e Ele é o Oniouvinte, o Onisciente», não o atingirá nenhuma desgraça repentina até à manhã…
lib:h-ruqya-alam	Põe a mão na parte do corpo que te dói e diz «Bismillah» (em nome de Allah) três vezes, e diz sete vezes: «Refugio-me em Allah e no Seu poder contra o mal do que sinto e do que temo».
lib:h-adhhib-bas	Ó Allah, Senhor dos homens, remove o mal e cura, pois Tu és Aquele que cura. Não há cura senão a Tua cura, uma cura que não deixa doença.
lib:h-la-bas	Quando o Profeta ﷺ visitava um doente dizia: «Não é nada; é uma purificação, se Allah quiser».
lib:h-ayn-haqq	O mau-olhado é real.
lib:h-barrakt	Porque havia um de vós de matar o seu irmão? Se vês algo de que gostas, porque não pediste a bênção para ele?
lib:h-muawwidhat	Não viste os versículos revelados esta noite, como nunca se viram outros iguais? «Diz: Refugio-me no Senhor da alvorada» e «Diz: Refugio-me no Senhor dos homens».
lib:h-uidhukuma	O Profeta ﷺ procurava proteção para al-Hasan e al-Husayn dizendo: «Ponho-vos sob a proteção das palavras perfeitas de Allah contra todo o demónio e todo o animal venenoso, e contra todo o olho malicioso».
lib:h-khattaun	Todo o filho de Adão peca, e os melhores dos que pecam são os que se arrependem.
lib:h-farah-tawba	Allah alegra-Se mais com o arrependimento do Seu servo quando se volta para Ele do que um de vós que ia na sua montada num deserto sem água, e ela lhe fugiu levando a sua comida e a sua bebida, e ele perdeu toda a esperança… E então, estando assim, ali estava ela, de pé diante dele. Agarrou-a pelas rédeas e disse de pura alegria: «Ó Allah, Tu és o meu servo e eu sou o Teu senhor»; enganou-se pela intensidade da alegria.
lib:h-yabsut-yadah	Allah, o Poderoso e Majestoso, estende a Sua mão à noite para que se arrependa quem pecou de dia, e estende a Sua mão de dia para que se arrependa quem pecou de noite, até que o sol nasça a ocidente.
lib:h-ma-daawtani	Allah, Bendito e Exaltado, disse: «Ó filho de Adão, enquanto Me invocares e esperares em Mim, perdoar-te-ei o que fizeste, e não Me importo. Ó filho de Adão, mesmo que os teus pecados chegassem às nuvens do céu e depois Me pedisses perdão, perdoar-te-ia, e não Me importo…».
lib:h-sayyid-istighfar	A melhor forma de pedir perdão é dizer: «Ó Allah, Tu és o meu Senhor; não há divindade além de Ti. Tu criaste-me e eu sou o Teu servo, e mantenho-me no Teu pacto e na Tua promessa na medida das minhas possibilidades. Refugio-me em Ti contra o mal do que fiz. Reconheço o Teu favor sobre mim, e reconheço o meu pecado, por isso perdoa-me, pois ninguém perdoa os pecados senão Tu».
lib:h-atbi-sayyia	Teme Allah onde quer que estejas, faz seguir a má ação de uma boa que a apague, e trata as pessoas com bom carácter.
lib:h-qatil-mia	Entre os que vieram antes de vós houve um homem que matou noventa e nove pessoas… O sábio disse: «Quem se interpõe entre ele e o arrependimento? Vai para tal terra, pois lá há gente que adora Allah; adora Allah com eles, e não voltes à tua terra, pois é uma terra má…».
lib:h-waswasa-sarih	Alguns companheiros do Profeta ﷺ vieram perguntar-lhe: «Encontramos em nós pensamentos que cada um considera demasiado graves para os dizer». Disse: «Encontrais mesmo isso?». Disseram: «Sim». Disse: «Isso é fé pura».
lib:h-tajawaz	Allah perdoou à minha comunidade o que lhe passa pela mente, enquanto não o fizer nem o disser.
lib:h-waswasa-intahi	Satanás vem a um de vós e diz: «Quem criou isto? Quem criou aquilo?», até dizer: «Quem criou o teu Senhor?». Quando chegar a isso, que procure refúgio em Allah e pare.
lib:h-muqallib	O Mensageiro de Allah ﷺ dizia muitas vezes: «Ó Tu que fazes girar os corações, firma o meu coração na Tua religião».
lib:h-ahdini	Diz: «Ó Allah, guia-me e mantém-me no caminho reto».
lib:h-taqwaha	Ó Allah, concede à minha alma a sua piedade e purifica-a, pois Tu és o melhor a purificá-la; Tu és o seu Protetor e o seu Senhor.
lib:h-kfini-halal	Ó Allah, basta-me com o lícito em vez do proibido, e torna-me independente pelo Teu favor de tudo o que não sejas Tu.
lib:h-la-sahl	Ó Allah, nada é fácil a não ser o que Tu tornas fácil, e Tu tornas fácil o difícil se quiseres.
lib:h-zawal-nima	Ó Allah, refugio-me em Ti contra a perda da Tua bênção, a mudança da Tua proteção, o súbito do Teu castigo e todo o Teu descontentamento.
lib:h-istijaba-ajal	A súplica de qualquer um de vós é respondida enquanto não se precipitar e disser: «Supliquei e não fui respondido».
lib:h-nuzul	O nosso Senhor, Bendito e Exaltado, desce todas as noites ao céu mais baixo quando resta o último terço da noite, e diz: «Quem Me invoca para que lhe responda? Quem Me pede para que lhe dê? Quem Me pede perdão para que o perdoe?».
lib:h-sujud	O momento em que o servo está mais perto do seu Senhor é quando está prostrado, por isso suplicai muito.
lib:h-hazabahu	Sempre que algo preocupava o Profeta ﷺ, ele rezava.
lib:h-arihna	Ó Bilal, chama a iqama para a oração; dá-nos descanso com ela.
lib:h-din-yusr	A religião é facilidade, e ninguém torna a religião demasiado difícil para si sem que ela o vença. Por isso apontai para o correto, aproximai-vos dele o mais que puderdes e recebei boas notícias.
lib:h-adwamuha	As obras mais amadas por Allah são as mais constantes, mesmo que sejam poucas.
lib:h-haqq-nafs	O teu Senhor tem um direito sobre ti, a tua alma tem um direito sobre ti e a tua família tem um direito sobre ti; dá, portanto, a cada um o seu direito.
lib:h-nimatan	Há duas bênçãos em que muitas pessoas se enganam: a saúde e o tempo livre.
lib:h-ightanim	Aproveita cinco coisas antes de outras cinco: a tua juventude antes da tua velhice, a tua saúde antes da tua doença, a tua riqueza antes da tua pobreza, o teu tempo livre antes da tua ocupação, e a tua vida antes da tua morte.
lib:h-muamin-qawi	O crente forte é melhor e mais amado por Allah do que o crente fraco, e em ambos há bem. Esforça-te pelo que te beneficia, pede ajuda a Allah e não desistas. Se algo te acontecer, não digas: «Se eu tivesse feito isto, teria sido assim», mas diz: «Allah decretou, e o que Ele quer, faz», pois o «se» abre a porta à obra de Satanás.
lib:h-ihfadh	Ó rapaz, vou ensinar-te algumas palavras: Sê consciente de Allah e Ele proteger-te-á. Sê consciente de Allah e encontrá-Lo-ás diante de ti. Quando pedires, pede a Allah; e quando procurares ajuda, procura a ajuda de Allah. Sabe que, se a comunidade inteira se juntasse para te beneficiar com algo, só te beneficiaria com o que Allah já escreveu para ti; e se se juntasse para te prejudicar com algo, só te prejudicaria com o que Allah já escreveu contra ti. As canetas foram levantadas e as páginas secaram.
lib:h-yassiru	Facilitai e não dificulteis; dai boas notícias e não afasteis as pessoas.
lib:h-ihsan	Certamente, Allah prescreveu a excelência em tudo…
lib:h-makarim	Fui enviado apenas para aperfeiçoar o bom carácter.
lib:h-ahsanukum-khuluqan	Certamente, os mais queridos de vós para mim e os mais próximos de mim no lugar no Dia da Ressurreição são os de melhor carácter.
lib:h-kibr	Não entrará no Paraíso quem tiver no coração o peso de um átomo de arrogância. Um homem disse: «Uma pessoa gosta que a sua roupa seja bonita e as suas sandálias bonitas». Disse: «Allah é belo e ama a beleza. A arrogância é rejeitar a verdade e menosprezar as pessoas».
lib:h-tawadau	Allah revelou-me que sejais humildes, para que ninguém se vanglorie sobre outro e ninguém oprima outro.
lib:h-nasiha	«A religião é o conselho sincero». Dissemos: «Para quem?». Disse: «Para Allah, o Seu Livro, o Seu Mensageiro, os dirigentes dos muçulmanos e o povo em geral».
lib:h-munkar	Quem de vós vir um mal, que o mude com a sua mão; se não puder, com a sua língua; e se não puder, com o seu coração, e isso é o mais fraco da fé.
lib:h-sabaa-yuzilluhum	A sete Allah abrigará à Sua sombra no Dia em que não houver outra sombra senão a Sua… um jovem que cresceu na adoração de Allah… e um homem a quem chama uma mulher de posição e beleza e ele diz: «Temo Allah»…
lib:h-man-taraka	Nunca deixarás algo por Allah, o Poderoso e Majestoso, sem que Allah to substitua por algo melhor.
lib:h-man-la-yarham	Quem não tem misericórdia não receberá misericórdia.
lib:h-hayaa	O pudor não traz senão o bem.
sit:taif:0	Aisha perguntou ao Profeta ﷺ: «Viveste algum dia mais duro do que o dia de Uhud?». Disse: «Sofri muito do teu povo, e o mais duro foi o dia de al-Aqaba, quando me apresentei a Ibn Abd Yalil e ele não respondeu ao que eu queria. Parti esmagado pela tristeza e só recuperei quando estava em Qarn al-Thaalib. Aí encontrei uma nuvem que me dava sombra, e nela estava Jibril. Chamou-me e disse: “Allah ouviu o que o teu povo te disse, e enviou-te o Anjo das Montanhas para que lhe ordenes o que quiseres fazer-lhes”. O Anjo das Montanhas chamou-me, saudou-me e disse: “Se quiseres, junto as duas montanhas sobre eles”». O Mensageiro de Allah ﷺ disse: «Não; pelo contrário, espero que Allah faça sair da sua descendência gente que adore só Allah, sem Lhe associar nada».
sit:jabdha-arabi:0	Disse Anas ibn Malik: Ia a caminhar com o Mensageiro de Allah ﷺ, e ele trazia um manto de Najran com uma orla grossa. Um beduíno alcançou-o e puxou-lhe o manto com tanta violência que vi o lado do pescoço do Mensageiro de Allah ﷺ marcado pela orla do manto pela força do puxão. Depois disse: «Ó Muhammad, manda que me deem algo dos bens de Allah que tens». O Mensageiro de Allah ﷺ voltou-se para ele e riu-se, e depois mandou que lhe dessem alguma coisa.
sit:bawl-arabi:0	Disse Abu Hurayra: Um beduíno levantou-se e urinou na mesquita, e as pessoas lançaram-se sobre ele. O Profeta ﷺ disse-lhes: «Deixai-o, e deitai um balde de água sobre a sua urina. Fostes enviados para facilitar, não para dificultar».
sit:tifl-hijr:0	Umm Qays bint Mihsan levou o seu filho pequeno, que ainda não comia alimentos, ao Mensageiro de Allah ﷺ. O Mensageiro de Allah ﷺ sentou-o no colo, e a criança urinou-lhe na roupa. Pediu água, salpicou-a sobre o local e não o lavou.
sit:khidmat-anas:0	Disse Anas ibn Malik: Servi o Profeta ﷺ durante dez anos. Nunca me disse «uf!», e nunca disse de algo que eu tivesse feito: «Porque o fizeste?», nem de algo que eu não tivesse feito: «Porque não o fizeste?».
sit:la-taghdab:0	Abu Hurayra narrou que um homem disse ao Profeta ﷺ: «Aconselha-me». Disse: «Não te zangues». O homem repetiu o pedido várias vezes, e de cada vez ele dizia: «Não te zangues».
sit:laysa-shadid:0	Abu Hurayra narrou que o Mensageiro de Allah ﷺ disse: «O forte não é quem vence as pessoas na luta; o forte é quem se domina quando está zangado».
sit:adl-fatima:0	Aisha narrou que os Quraysh estavam preocupados com a mulher que tinha roubado… O Mensageiro de Allah ﷺ disse: «O que destruiu os que vieram antes de vós foi que, quando um nobre entre eles roubava, deixavam-no, e quando um fraco entre eles roubava, aplicavam-lhe o castigo. Por Aquele em cuja mão está a minha alma, se Fátima, a filha de Muhammad, roubasse, cortar-lhe-ia a mão».
sit:hudaybiyyah:0	Sahih al-Bukhari relata extensamente a história do Tratado de Hudaybiya, incluindo as perguntas de Umar ibn al-Khattab ao Profeta ﷺ sobre as condições do tratado, e a resposta de Abu Bakr al-Siddiq de que devia agarrar-se à ordem do Profeta e confiar que ele nunca perderia o que o seu Senhor lhe tinha confiado.
sit:zayd-ibn-sana:0	Zayd ibn Sana narrou a história da sua entrada no islão depois de pôr deliberadamente à prova a indulgência do Profeta ﷺ ao exigir-lhe o pagamento de uma dívida, e encontrou nele o que procurava entre os sinais da profecia descritos nos livros da Gente do Livro: «A sua indulgência ultrapassa a sua ira, e quanto mais duramente é tratado, mais indulgente se torna».
sit:hatib-baltaa:0	Disse Ali ibn Abi Talib: O Mensageiro de Allah ﷺ enviou três de nós para intercetar uma mulher que levava uma carta de Hatib ibn Abi Baltaa aos Quraysh. Quando a carta foi trazida, o Profeta ﷺ disse: «Hatib, o que é isto?». Disse: «Não te precipites comigo, ó Mensageiro de Allah…». Umar disse: «Deixa-me cortar o pescoço deste hipócrita». O Profeta ﷺ disse: «Ele participou em Badr; e que sabes tu? Talvez Allah tenha olhado para a gente de Badr e dito: “Fazei o que quiserdes, pois já vos perdoei”».
sit:wafat-ibrahim:0	Anas ibn Malik narrou que o Mensageiro de Allah ﷺ foi ver o seu filho Ibrahim enquanto ele dava os últimos suspiros, e os olhos do Mensageiro de Allah ﷺ começaram a derramar lágrimas. Abd al-Rahman ibn Awf disse-lhe: «Até tu, ó Mensageiro de Allah?». Disse: «Ó Ibn Awf, é misericórdia». Depois chorou mais e disse: «Os olhos derramam lágrimas e o coração entristece-se, mas só dizemos o que agrada ao nosso Senhor. Ó Ibrahim, estamos verdadeiramente tristes com a tua partida».
sit:mihnat-ahlih:0	Disse al-Aswad ibn Yazid: Perguntei a Aisha: «O que fazia o Profeta ﷺ em casa?». Disse: «Estava ao serviço da sua família, isto é, ajudava a sua família, e quando chegava a hora da oração, saía para rezar».
sit:mihnat-ahlih:1	Perguntaram a Aisha: «O que fazia o Mensageiro de Allah ﷺ em casa?». Disse: «Cosia a sua roupa, consertava as sandálias e trabalhava em casa como qualquer um de vós trabalha na sua».
sit:kaab-ibn-malik:0	Do longo hadith de Kab ibn Malik sobre ter ficado para trás em Tabuk: Quando disse ao Mensageiro de Allah ﷺ a verdade sobre mim, ele disse: «Este disse a verdade; levanta-te até que Allah decida a teu respeito». E o Profeta ﷺ ordenou às pessoas que nos evitassem até Allah revelar o nosso arrependimento.
sit:istikhara:0	Disse Jabir ibn Abdullah: O Mensageiro de Allah ﷺ ensinava-nos a istikhara em todos os assuntos como nos ensinava uma surata do Alcorão. Dizia: «Quando um de vós estiver preocupado com um assunto, que reze duas rakas além da oração obrigatória e depois diga: “Ó Allah, peço-Te que me guies pelo Teu conhecimento, peço-Te capacidade pelo Teu poder, e peço-Te do Teu imenso favor. Tu podes e eu não posso; Tu sabes e eu não sei; e Tu és o Conhecedor do oculto…”. Depois, que mencione a sua necessidade».
sit:neighbors:0	Aisha narrou que o Profeta ﷺ disse: «Jibril não parava de me recomendar o vizinho, até que pensei que o tornaria herdeiro».
sit:sighar-kibar:0	Abu Hurayra e Ibn Abbas narraram que o Profeta ﷺ disse: «Não é dos nossos quem não tem misericórdia para com os nossos pequenos nem respeita os nossos mais velhos».
sit:husn-dhann:0	Abu Hurayra narrou que o Mensageiro de Allah ﷺ disse: «Cuidado com as suposições, pois a suposição é a mais falsa das palavras. Não procureis os defeitos uns dos outros, não vos espieis, não rivalizeis, não vos invejeis, não vos odieis e não vos volteis as costas. Sede, ó servos de Allah, irmãos».
sit:thumama:0	Disse Abu Hurayra: O Profeta ﷺ enviou alguns cavaleiros para Najd, e trouxeram um homem dos Banu Hanifa chamado Thumama ibn Uthal, e amarraram-no a uma das colunas da mesquita. O Profeta ﷺ saiu ao seu encontro e disse: «O que tens, ó Thumama?». Disse: «Tenho bem, ó Muhammad…». Deixou-o até ao dia seguinte ao seguinte, e depois disse: «Soltai Thumama». Ele foi a um palmar perto da mesquita, lavou-se, entrou depois na mesquita e disse: «Testemunho que não há divindade além de Allah, e testemunho que Muhammad é o Mensageiro de Allah».
sit:hunayn-ansar:0	Disse Abdullah ibn Zayd ibn Asim: Quando Allah deu ao Seu Mensageiro os despojos no dia de Hunayn, ele distribuiu-os entre aqueles cujos corações deviam ser conquistados e não deu nada aos Ansar, e foi como se se sentissem magoados por não terem recebido o que os outros receberam. Então falou-lhes e disse: «Ó Ansar, não vos encontrei desviados e Allah guiou-vos através de mim, divididos e Allah uniu-vos através de mim, e pobres e Allah enriqueceu-vos através de mim?… Não vos agrada que as pessoas partam com ovelhas e camelos enquanto vós voltais para as vossas casas com o Mensageiro de Allah? Se não fosse a emigração, eu teria sido um dos Ansar».
sit:khutbat-wadaa:0	Disse Abu Nadra: Alguém que ouviu o sermão do Mensageiro de Allah ﷺ a meio dos dias de Tashriq contou-me que ele disse: «Ó gente, o vosso Senhor é um só e o vosso pai é um só. Não há superioridade de um árabe sobre um não árabe, nem de um não árabe sobre um árabe, nem de uma pessoa de pele vermelha sobre uma pessoa negra, nem de uma pessoa negra sobre uma de pele vermelha, senão pela piedade».
sit:numan-bashir:0	Al-Numan ibn Bashir narrou que o seu pai o levou ao Mensageiro de Allah ﷺ e disse: «Dei a este meu filho um escravo». Perguntou: «Deste a cada um dos teus filhos algo igual?». Disse: «Não». Disse: «Então retoma-o».
sit:dog-water:0	Abu Hurayra narrou que o Mensageiro de Allah ﷺ disse: «Enquanto um homem seguia por um caminho, ficou com muita sede. Encontrou um poço, desceu a ele e bebeu, e depois saiu. Aí viu um cão ofegante a comer a terra húmida por causa da sede. O homem disse: “Este cão está com tanta sede como eu estava”. Então desceu ao poço, encheu de água a sua meia de couro, segurou-a com a boca até subir e deu de beber ao cão. Allah agradeceu-lho e perdoou-o». Disseram: «Ó Mensageiro de Allah, há recompensa para nós em (servir) os animais?». Disse: «Em todo o ser vivo há recompensa».
sit:hospitality:0	Abu Hurayra narrou que o Profeta ﷺ disse: «Quem crê em Allah e no Último Dia, que não faça mal ao seu vizinho; quem crê em Allah e no Último Dia, que honre o seu hóspede; e quem crê em Allah e no Último Dia, que diga o bem ou que se cale».
sit:sila-rahim:0	Disse Abdullah ibn Amr ibn al-As: O Mensageiro de Allah ﷺ disse: «Quem mantém os laços de parentesco não é o que apenas retribui, mas aquele que, quando os parentes cortam com ele, mantém os laços com eles».
sit:jewish-boy-sick:0	Disse Anas ibn Malik: Um rapaz judeu servia o Profeta ﷺ e adoeceu. O Profeta ﷺ foi visitá-lo, sentou-se junto à sua cabeça e disse-lhe: «Abraça o islão». O rapaz olhou para o pai, que estava com ele, e este disse-lhe: «Obedece a Abu al-Qasim». Então abraçou o islão, e o Profeta ﷺ saiu dizendo: «Louvado seja Allah, que o salvou do Fogo».
sit:zuhd-food:0	Disse Aisha: A família de Muhammad ﷺ nunca comeu pão de cevada até se saciar dois dias seguidos até ele falecer.
sit:tanattu:0	Anas ibn Malik narrou que três homens foram às casas das esposas do Profeta ﷺ perguntar como o Profeta ﷺ adorava, e quando lhes contaram, pareceram achar pouco, e disseram: «Onde estamos nós comparados com o Profeta ﷺ?». Então chegou o Mensageiro de Allah ﷺ e disse: «Sois vós os que disseram isto e aquilo? Por Allah, eu sou de vós o que mais teme Allah e o mais consciente d'Ele; e no entanto jejuo e deixo de jejuar, rezo e durmo, e caso com mulheres. Quem se afasta da minha Sunna não é dos meus».
sit:muadh-taweel:0	Jabir ibn Abdullah narrou que Muadh ibn Jabal rezava com o Profeta ﷺ e depois ia dirigir a sua gente na oração. Uma noite dirigiu-lhes a oração do isha e começou com a surata al-Baqara, por isso um homem afastou-se e terminou a sua oração sozinho… Quando isto chegou ao Profeta ﷺ, ele disse: «És tu dos que põem as pessoas à prova, ó Muadh?», três vezes. «Porque não recitaste “Pelo sol e pelo seu brilho”, “Glorifica o nome do teu Senhor, o Altíssimo”, “Lê em nome do teu Senhor” e outras semelhantes? Pois atrás de ti rezam os idosos, os fracos e os que têm necessidades».
sit:bayyian-khiyar:0	Hakim ibn Hizam narrou que o Profeta ﷺ disse: «O comprador e o vendedor têm a opção (de anular) enquanto não se separarem. Se forem sinceros e esclarecerem as coisas, a sua transação será abençoada; e se mentirem e esconderem, a bênção da sua transação será apagada».
