h-niyya	Umar ibn al-Khattab	La intención convierte la costumbre en adoración: el trabajo, el estudio y el gasto en la propia familia se recompensan por la intención.
h-qulub	Abu Hurayra	La medida del valor ante Allah es el corazón y las obras, no la apariencia, la riqueza ni la posición social.
h-ridallah	Aisha	Un remedio para complacer a la gente a costa de los principios: quien pone primero la complacencia de Allah, Allah le basta frente a la gente.
h-khafi	Saad ibn Abi Waqqas	Pasar desapercibido y no buscar ser visto es una cualidad amada, en una época en que la gente se mide por su número de seguidores.
h-ghadab-julus	Abu Dharr	Un remedio práctico y físico: cambiar la postura del cuerpo rompe el impulso de la ira y te aparta de actuar precipitadamente.
h-ghadab-istiadha	Sulayman ibn Surad	Buscar refugio en Allah es lo primero que hay que decir cuando uno está enfadado.	Cuando la ira se intensifica
h-ghadab-sukut	Ibn Abbas	Lo que más lamenta la gente en la ira es lo que dijo; el silencio temporal protege la relación.
h-kazm	Muadh ibn Anas	Contener la ira vale más cuando eres capaz de vengarte.
h-rifq	Aisha	La dulzura no es debilidad, sino una forma más acertada de llegar al resultado.
h-rifq-zana	Aisha	El Profeta ﷺ se lo dijo a Aisha cuando montaba un camello difícil y lo tiraba de un lado a otro; dulzura incluso con los animales.
h-muflis-tabbaan	Abdullah ibn Masud	Incluso en una disputa, la lengua del creyente se mantiene limpia.
h-afw-izz	Abu Hurayra	La gente teme que su perdón se vea como debilidad, así que llegó la promesa: el perdón aumenta el honor, no lo reduce.
h-zulm-zulumat	Yabir ibn Abdullah	Una advertencia para el injusto y un consuelo para el oprimido.
h-dawat-mazlum	Ibn Abbas (del consejo del Profeta ﷺ a Muadh)	El oprimido tiene un arma que nunca se bloquea, y quienes tienen poder tienen una severa advertencia.
h-unsur	Anas ibn Malik	Ayudar a un amigo que hace el mal significa impedírselo, no respaldarlo en ello.
h-muflis	Abu Hurayra	Los derechos de la gente no se anulan con actos de adoración, y el oprimido nunca pierde su derecho.
h-la-darar	Ibn Abbas y Ubada ibn al-Samit	Una gran máxima legal: no se puede iniciar un daño ni responder con un daño mayor; una base para rechazar el maltrato continuo.
h-la-yuldagh	Abu Hurayra	El perdón no significa ingenuidad; el creyente aprende de la experiencia y pone límites que le protegen de volver a ser herido.
h-yuhibbu	Anas ibn Malik	El remedio más profundo de la envidia: desear para los demás lo que deseas para ti.
h-la-tahasadu	Abu Hurayra	Una lista de lo que arruina la fraternidad: la envidia, el odio, dar la espalda y la competencia desleal.
h-hasad-ithnatayn	Abdullah ibn Masud	«Envidia» significa aquí una emulación sana: desear una bendición como la de otro sin querer que se la quiten, y solo en las cosas buenas.
h-hajr-thalath	Abu Ayyub al-Ansari	El distanciamiento tiene un límite de tiempo, y el mejor es el que saluda primero, no el que espera.
h-istalaha	Abu Hurayra	El rencor retrasa el perdón; la reconciliación no es una cortesía social, sino un acto de adoración.
h-islah	Abu al-Darda	«La que rasura»: rasura la religión como la navaja rasura el pelo, así que reparar las relaciones es uno de los actos de devoción más elevados.
h-mira	Abu Umama al-Bahili	Deja la discusión estéril aunque tengas razón: ganar un debate no siempre es una victoria para la relación.
h-afshu-salam	Abu Hurayra	Saludar con la paz es la llave más sencilla para romper el hielo y construir el afecto.
h-akhbirhu	al-Miqdam ibn Madikarib	Expresar los sentimientos positivos es una Sunna, no una debilidad.
h-tahadu	Abu Hurayra	Un pequeño regalo derrite la frialdad.
h-khalil	Abu Hurayra	Un amigo te transforma sin que te des cuenta, así que elegir tus compañías es una decisión determinante.
h-jalis	Abu Musa al-Ashari	Del buen compañero te beneficias en todo caso, y del malo sales perjudicado en todo caso, aunque no actúes como él.
h-maa-man-ahabb	Anas ibn Malik e Ibn Masud	Amar a los justos te eleva hasta ellos, aunque tus obras se queden cortas.
h-yashkur-nas	Abu Hurayra	Dar las gracias a la gente es parte de dar las gracias a Allah.
h-kafiuhu	Abdullah ibn Umar	La súplica es el pago de quien no tiene otra cosa que dar.
h-ghiba	Abu Hurayra	La murmuración es mencionar un defecto real, y la calumnia es mencionar un defecto que no existe; ambas están prohibidas.
h-yaqul-khayran	Abu Hurayra	Una prueba sencilla antes de hablar: ¿es bueno? Si no, entonces el silencio.
h-kalima	Abu Hurayra	Una palabra pasajera puede ser lo más pesado en la balanza.
h-muslim-salima	Abdullah ibn Amr	Una definición práctica del islam: que la gente esté a salvo de tu daño.
h-zann	Abu Hurayra	La mala sospecha se presenta como «intuición», y el Profeta ﷺ la llamó la más falsa de las palabras.
h-kalima-tayyiba	Abu Hurayra	Quien no tiene dinero aún tiene una buena palabra que dar en caridad.
h-sitr	Abu Hurayra	Puertas que se multiplican: aliviar, facilitar y encubrir; y la recompensa es del mismo tipo que la obra.
h-mujahirin	Abu Hurayra	Quien cae en el pecado debe quedarse bajo el velo de Allah y no exponerse, y arrepentirse entre él y su Señor.
h-munafiq	Abu Hurayra	Tres señales prácticas para poner a prueba la confianza, en los demás y en uno mismo.
h-da-ma-yaribuk	al-Hasan ibn Ali	Cuando dudes, elige aquello con lo que el corazón está en paz; la sinceridad es tranquilidad de espíritu antes que un deber.
h-birr-ithm	al-Nawwas ibn Saman	Una brújula interior: lo que no te gustaría que la gente descubriera suele tener algo de malo.
h-mustashar	Abu Hurayra	Quien es consultado debe aconsejar con honestidad, y quien busca consejo debe elegir a alguien digno de confianza.
h-atqan	Aisha	Hacer bien el trabajo es adoración, aunque nadie te esté mirando.
h-ajir	Abdullah ibn Umar	El derecho del trabajador a su salario enseguida, sin retraso.
h-kullukum-rai	Abdullah ibn Umar	Cada uno es responsable en su propio círculo: el padre, la madre, el jefe y el empleado.
h-ada-dayn	Abu Hurayra	Una intención sincera de devolver trae la ayuda de Allah para saldar la deuda.
h-matl	Abu Hurayra	Retrasar lo que se debe a alguien pudiendo pagar es una injusticia clara.
h-samh	Yabir ibn Abdullah	Una generosidad de trato fácil, incluso al reclamar lo que se te debe.
h-inzar	Abu al-Yasar	Dar más plazo a un deudor en apuros, o perdonarle la deuda, es una obra de gran recompensa.
h-ghina-nafs	Abu Hurayra	La verdadera riqueza es una sensación de suficiencia, no una cifra en una cuenta.
h-kafaf	Abdullah ibn Amr	El éxito no requiere riqueza: el islam, lo suficiente y la conformidad.
h-amin-sirbih	Ubaydullah ibn Mihsan	Redefinir la bendición: la seguridad, la buena salud y la comida de hoy son todo «este mundo».
h-unzuru-asfal	Abu Hurayra	Una regla psicológica precisa: la dirección de la comparación decide cuán bendecido te sientes; en los asuntos de la religión, mira a quienes están por encima.
h-tawakkul-tayr	Umar ibn al-Khattab	Los pájaros «salen por la mañana»: se van y buscan; la verdadera confianza en Allah incluye el esfuerzo junto con un corazón en calma.
h-iqilha	Anas ibn Malik	Confiar en Allah no significa abandonar los medios; usa todos los medios y después deja el resultado a Allah.
h-hatab	al-Zubayr ibn al-Awwam	No hay vergüenza en el trabajo humilde; la dignidad está en la ganancia lícita, por modesta que sea.
h-kafil-yatim	Sahl ibn Saad	Cuidar de un huérfano eleva a una persona a estar junto al Profeta ﷺ.
h-armala	Abu Hurayra	Servir a los débiles equivale a los mayores actos de adoración.
h-la-tahqiranna	Abu Dharr	La bondad más pequeña tiene valor: una puerta práctica para quien se siente incapaz de hacer el bien.
h-anfauhum	Abdullah ibn Umar	Para quien siente que ha perdido el sentido, beneficiar a la gente es una puerta amplia para recuperarlo.
h-khayrukum-ahlih	Aisha	El verdadero carácter se mide dentro de casa, no fuera.
h-akmal-iman	Abu Hurayra	La perfección de la fe va unida a tratar bien a la esposa.
h-la-yafrak	Abu Hurayra	Una mirada equilibrada: no juzgues a tu pareja por un defecto olvidando lo bueno. Vale para ambos esposos.
h-istawsu	Abu Hurayra	Una instrucción profética repetida de tratar bien a las mujeres.
h-radiya-ghadba	Aisha	La atención del Profeta ﷺ a las señales más sutiles de los sentimientos de su esposa, y su forma tranquila de tratar su enfado sin escalar.
h-mataa	Abdullah ibn Amr	Una esposa virtuosa es la mayor bendición de este mundo.
h-dhat-din	Abu Hurayra	El criterio de elección: la religión y el carácter son la base, sin descuidar otras consideraciones.
h-tardawna	Abu Hurayra	Una guía para las familias: no dificultéis el matrimonio con exigencias materiales exageradas.
h-shabab	Abdullah ibn Masud	Soluciones prácticas para el deseo: el matrimonio cuando se puede, y el ayuno cuando no.
h-thalatha-awn	Abu Hurayra	A quien busca casarse con intención de castidad, Allah le ayudará.
h-rughm	Abu Hurayra	La vejez de los padres es una oportunidad de oro para el Paraíso, no solo una carga.
h-rida-walid	Abdullah ibn Amr	Honrar a los padres es un camino directo a la complacencia de Allah, en todo lo que no sea desobedecerle.
h-asma-umm	Asma bint Abi Bakr	Una diferencia de religión o de práctica no anula el deber de bondad y de mantener los lazos.
h-sila-rizq	Anas ibn Malik	Mantener los lazos de parentesco trae bendición en el sustento y en la vida.
h-mal	Abu Hurayra	Quien mantiene los lazos con parientes fríos con él tiene un auxiliar de parte de Allah, y el pecado recae sobre ellos, no sobre él.
h-adl-awlad	al-Numan ibn Bashir	Favorecer a un hijo sobre otro en lo que se da siembra enemistad entre ellos.
h-yarham-saghir	Abdullah ibn Amr	Misericordia con los pequeños y respeto a los mayores, juntos.
h-rahimun	Abdullah ibn Amr	La misericordia con la creación es un camino hacia la misericordia del Creador.
h-walad-salih	Abu Hurayra	Honrar a los padres no termina con la muerte: tu súplica y tu caridad en su nombre les llegan.
h-kalima-lil-ahl	Saad ibn Abi Waqqas	Incluso un bocado que das a tu esposa es caridad con la intención correcta; gastar en la familia es adoración.
h-ajaban	Suhayb al-Rumi	El creyente gana en toda situación: con la gratitud en la bendición y la paciencia en la dificultad.
h-nasab	Abu Said al-Judri y Abu Hurayra	Incluso la preocupación y la tristeza emocional, no solo el dolor físico, llevan recompensa y expiación.
h-ashadd-bala	Saad ibn Abi Waqqas	Una prueba severa no es señal de ira; puede incluso ser señal de rango.
h-azam-jaza	Anas ibn Malik	Tu actitud ante la prueba (aceptación o resentimiento) es lo que decide su fruto.
h-maradh-kutib	Abu Musa al-Ashari	La enfermedad no corta la recompensa de tu adoración habitual, así que no te entristezcas por lo que la enfermedad te impide hacer.
h-dawa	Abu Hurayra	La esperanza de curación es parte de la fe, y buscarla es usar los medios.
h-tadawaw	Usama ibn Sharik	Buscar tratamiento está ordenado, incluido el cuidado de la salud mental; ir al médico no contradice la confianza en Allah.
h-habibatayn	Anas ibn Malik	Perder un sentido valioso, afrontado con paciencia, se compensa con el Paraíso.
h-la-yatamanna	Anas ibn Malik	Una prohibición clara de desear la muerte a causa del dolor, que dirige los sentimientos pesados hacia una súplica que deja el asunto a Allah.	En la angustia severa y la desesperación
h-yurid-khayran	Abu Hurayra	Una desgracia puede ser una puerta a un bien que Allah quiso para ti.
h-sabr-diya	Abu Malik al-Ashari	La paciencia es «resplandor», una luz que lleva consigo calor y dureza, a diferencia de la oración, que es pura «luz».
h-yatasabbar	Abu Said al-Judri	La paciencia es una habilidad que se gana con la práctica: a quien se esfuerza en ella, Allah le ayuda.
h-hamm	Anas ibn Malik	La preocupación es por el futuro y la tristeza por el pasado; esta súplica abarca ocho puertas de la debilidad humana.	Por la mañana, por la tarde y en momentos de preocupación
h-karb	Ibn Abbas	La súplica de la angustia: el Profeta ﷺ la decía en los momentos difíciles.	En la angustia y la dificultad severa
h-dhunnun	Saad ibn Abi Waqqas	Declarar la unicidad de Allah, glorificarle y reconocer la propia falta: tres llaves del alivio.	En cualquier angustia
h-abduk	Abdullah ibn Masud	Una súplica que une la sumisión al decreto de Allah con pedir que el Corán sea el remedio de la tristeza.	En la preocupación y la tristeza
h-rahmataka	Abu Bakra	Pedir a Allah que no te abandone a ti mismo ni un instante, y que arregle «todos» tus asuntos.	En la dificultad y cuando los asuntos están dispersos
h-hasbuna	Ibn Abbas	Las grandes palabras de confianza cuando se teme a la gente o al futuro.	En el miedo, la amenaza y la injusticia
h-bismillah-yadurr	Uthman ibn Affan	Un recuerdo diario de protección que calma un corazón ansioso.	Tres veces por la mañana y por la tarde
h-ruqya-alam	Uthman ibn Abi al-As	Una ruqya profética que el enfermo recita sobre sí mismo.	En el dolor y la enfermedad
h-adhhib-bas	Aisha	El Profeta ﷺ buscaba protección con ella para los miembros de su familia.	Para los enfermos y quienes los visitan
h-la-bas	Ibn Abbas	Una palabra profética de consuelo que hace de la enfermedad una purificación, no un castigo.	Al visitar a un enfermo
h-ayn-haqq	Abu Hurayra	Una afirmación del mal de ojo, prohibiendo a la vez temerlo en exceso o explicarlo todo por él.
h-barrakt	Abu Umama ibn Sahl ibn Hunayf	Prevenir el mal de ojo por parte de quien mira: decir «Que Allah te lo bendiga» cuando algo le impresiona.
h-muawwidhat	Uqba ibn Amir	Las dos últimas suras son la mayor protección.	Por la mañana, por la tarde y antes de dormir
h-uidhukuma	Ibn Abbas	Proteger a los niños con el recuerdo de Allah.	Para proteger a los niños
h-khattaun	Anas ibn Malik	Equivocarse es parte de la naturaleza humana; la excelencia está en volver pronto.
h-farah-tawba	Anas ibn Malik	Allah no solo acepta tu arrepentimiento; se alegra de él: una imagen que rompe la desesperación por el pecado.
h-yabsut-yadah	Abu Musa al-Ashari	La puerta del arrepentimiento está abierta a cualquier hora.
h-ma-daawtani	Anas ibn Malik	Ningún pecado es mayor que el perdón de Allah para quien le invoca y espera en Él.
h-sayyid-istighfar	Shaddad ibn Aws	Quien la dice durante el día con convicción y muere ese día está entre la gente del Paraíso.	Por la mañana, por la tarde y después de un pecado
h-atbi-sayyia	Abu Dharr y Muadh ibn Yabal	Un método práctico: no esperes a la perfección; haz seguir a cada mala obra una buena.
h-qatil-mia	Abu Said al-Judri	Ningún pecado cierra la puerta del arrepentimiento, y cambiar de entorno es una parte clave del cambio.
h-waswasa-sarih	Abu Hurayra	Detestar los susurros y verlos como algo monstruoso es señal de fe, no de incredulidad.
h-tajawaz	Abu Hurayra	Los pensamientos que pasan por la mente sin acción ni palabra no te los tiene en cuenta Allah.
h-waswasa-intahi	Abu Hurayra	El remedio de los susurros: busca refugio, y después deja de seguir el pensamiento; no discutas con él.
h-muqallib	Anas ibn Malik	Incluso el Profeta ﷺ pedía firmeza; la fluctuación del corazón es natural, y la súplica es su remedio.	Siempre, y cuando la fe se siente débil
h-ahdini	Ali ibn Abi Talib	Una súplica breve y completa para cada decisión o tarea.	Antes de decisiones y tareas
h-taqwaha	Zayd ibn Arqam	Purificar el alma buscando la ayuda de Allah, no solo con la propia fuerza.	Para purificar el alma
h-kfini-halal	Ali ibn Abi Talib	El Profeta ﷺ la enseñó a un hombre que no podía pagar lo que debía, y dijo: aunque tuvieras una deuda como una montaña, Allah la pagaría por ti.	Para saldar deudas y ampliar el sustento
h-la-sahl	Anas ibn Malik	Una súplica para hacer fácil lo difícil: los exámenes y las tareas pesadas.	Antes de un examen o una tarea difícil
h-zawal-nima	Abdullah ibn Umar	Buscar refugio para conservar las bendiciones que tienes.	Cuando temes perder una bendición
h-istijaba-ajal	Abu Hurayra	La impaciencia y abandonar la súplica son los mayores obstáculos para la respuesta.
h-nuzul	Abu Hurayra	Una cita diaria y abierta con Allah en la última parte de la noche.
h-sujud	Abu Hurayra	La postración es el momento más cercano, así que pon en ella tus preocupaciones.
h-hazabahu	Hudhayfa ibn al-Yaman	La oración es el primer refugio al que acude el creyente cuando ocurre algo importante.
h-arihna	Un hombre de Juzaa	La oración es descanso del cansancio, no un cansancio del que descansar.
h-din-yusr	Abu Hurayra	Ser demasiado duro contigo mismo termina en abandonar; «apunta a lo correcto, y si no puedes alcanzarlo, acércate».
h-adwamuha	Aisha	Mantener un poco es más beneficioso que un entusiasmo pasajero por mucho: el principio de construir hábitos.
h-haqq-nafs	Abu Yuhayfa (lo dijo Salman a Abu al-Darda, y el Profeta ﷺ lo confirmó)	Equilibrio entre la adoración, uno mismo, la familia y el trabajo.
h-nimatan	Ibn Abbas	La mayoría de la gente sale perdiendo en cómo invierte su salud y su tiempo libre.
h-ightanim	Ibn Abbas	Un plan de vida en breve: cada bendición presente es una oportunidad antes de que cambie.
h-muamin-qawi	Abu Hurayra	Un método completo: afán + pedir ayuda + no rendirse antes del hecho, y conformidad y dejar el «si hubiera» después.
h-ihfadh	Ibn Abbas	En la narración de Ahmad: «Sabe que la victoria llega con la paciencia, el alivio con la angustia, y con la dificultad viene la facilidad». Un remedio de raíz para el miedo a la gente.
h-yassiru	Anas ibn Malik	Una regla para la educación, el liderazgo y la invitación al bien.
h-ihsan	Shaddad ibn Aws	La excelencia se exige en toda obra, incluso en las situaciones más duras.
h-makarim	Abu Hurayra	El buen carácter es el objetivo del mensaje, no su margen.
h-ahsanukum-khuluqan	Yabir ibn Abdullah	El buen carácter es el camino para estar cerca del Profeta ﷺ en la otra vida.
h-kibr	Abdullah ibn Masud	Una definición precisa de la arrogancia: rechazar la verdad y menospreciar a la gente; no tiene nada que ver con una buena apariencia.
h-tawadau	Iyad ibn Himar	La humildad impide dos cosas: la jactancia y el abuso.
h-nasiha	Tamim al-Dari	El consejo sincero significa querer el bien para el aconsejado, y se da con suavidad y en privado.
h-munkar	Abu Said al-Judri	Niveles para oponerse al mal según la capacidad, cuidando de que oponerse no lleve a un mal mayor.
h-sabaa-yuzilluhum	Abu Hurayra	Resistir el deseo en el punto álgido de la tentación eleva a una persona a la sombra del Trono.
h-man-taraka	Un hombre del desierto, del Profeta ﷺ	Dejar algo prohibido, o una relación prohibida, no es una pérdida: lo que Allah da a cambio es mayor.
h-man-la-yarham	Abu Hurayra y Yarir	La misericordia se gana con misericordia.
h-hayaa	Imran ibn Husayn	El pudor es un rasgo que protege a quien lo tiene, y no significa una timidez que aparte de la verdad.
