q2-153	Allah hizo de la paciencia y la oración dos apoyos en los que confiar en cada dificultad, y prometió a los pacientes Su compañía especial: la compañía del auxilio, el apoyo y la firmeza.
q2-155	La prueba es una ley establecida en el miedo, el sustento y la vida; la salida no es negar el dolor, sino remitirlo a Allah: «A Allah pertenecemos y a Él volveremos», y su recompensa son bendiciones de Allah, misericordia y guía.
q2-286	Lo que Allah te ha impuesto está dentro de tu capacidad, y lo que la supera no se te pide: un principio que alivia el autorreproche y la ansiedad por no llegar.
q2-216	El conocimiento que tiene una persona de las consecuencias es limitado, así que no juzgues un suceso doloroso como un mal puro; la aleya abre la puerta a la aceptación sin anular el esfuerzo.
q94-5	Dijeron los exégetas: «la dificultad» viene con artículo determinado y «facilidad» sin él, así que la dificultad es una y la facilidad es mucha: una dificultad no vencerá a dos facilidades. Y la facilidad llega «con» la dificultad, no solo después de ella.
q65-2	La piedad es la llave de las salidas y del sustento, y la confianza en Allah es suficiencia. La aleya termina con «Allah ha fijado para cada cosa una medida», enseñando que el alivio tiene un momento señalado, así que no te impacientes.
q65-7	Una promesa clara de que la dificultad no es el final del camino, revelada en el contexto del gasto y de las dificultades económicas.
q39-10	Toda obra tiene una recompensa medida, salvo la paciencia, cuya recompensa no tiene cuenta, y esto da sentido y valor al sufrimiento prolongado.
q29-2	La prueba no es señal de ira ni demostración de abandono; es una ley para distinguir a los sinceros. Los que vinieron antes que tú pasaron por lo mismo.
q57-22	Creer en el decreto protege de dos extremos: la tristeza paralizante por lo perdido y la alegría arrogante por lo obtenido.
q64-11	Dijo Alqama: Es el hombre al que alcanza una desgracia y sabe que viene de Allah, y la acepta y se somete. La recompensa mencionada es la guía del corazón: calma y comprensión.
q12-18	La paciencia hermosa es la paciencia sin quejarse ante la gente, buscando la ayuda de Allah; Yaqub la dijo cuando sus hijos le mintieron.
q12-86	Quejarse ante Allah no contradice la paciencia, y llorar no contradice la aceptación; los ojos de Yaqub se volvieron blancos de tristeza mientras su esperanza seguía viva.
q12-87	Yaqub unió la orden de esforzarse —«id e indagad»— con la prohibición de desesperar; la esperanza verdadera empuja a la acción, no a la espera pasiva.
q12-90	La esencia de la historia de Yusuf tal como él mismo la resumió: piedad y paciencia, y el buen final es para quienes hacen el bien, por largo que sea el camino.
q12-92	Yusuf perdonó a sus hermanos en el momento de poder pleno, sin burlarse de ellos ni recordarles el pasado; y el Profeta ﷺ lo citó el día de la conquista de Meca.
q12-100	De la delicadeza de Yusuf: mencionó la prisión y no el pozo para no avergonzar a sus hermanos, y atribuyó la ruptura a la intromisión de Satanás y no a una maldad de ellos.
q21-83	La súplica de Ayyub es un modelo de cómo quejarse: describe su estado —«me ha alcanzado el mal»— y menciona la misericordia de Allah, sin objetar ni dictar.
q21-87	Tres capas de tinieblas —la noche, el mar y el vientre de la ballena— y aun así se salvó declarando la unicidad de Allah y reconociendo su falta. «Y así salvamos a los creyentes» extiende la promesa a todo el que está en apuros.
q38-44	Allah elogió a Ayyub por su paciencia y por volverse a Él, aunque se quejó ante Allah; quejarse ante el Creador no rompe la paciencia.
q19-23	Un momento sincero de debilidad humana de una mujer veraz, al que Allah respondió con consuelo, después con la orden de usar un medio sencillo —«sacude el tronco»— y luego con el cuidado de su cuerpo: «come y bebe».
q9-40	La serenidad desciende con la certeza de que Allah está contigo, y la verdadera compañía forma parte de la firmeza.
q3-139	Revelada tras la derrota de Uhud: no dejes que una pérdida temporal rompa tu ánimo y tu dignidad.
q3-173	«Allah nos basta, y qué excelente Protector es»: lo dijo Ibrahim cuando fue arrojado al fuego, y lo dijeron el Profeta ﷺ y sus compañeros cuando fueron amenazados; y el resultado fue bendición y favor.
q13-28	La tranquilidad no es la ausencia de problemas, sino el descanso del corazón en Allah en medio de ellos, y el recuerdo de Allah es su camino directo.
q20-25	La súplica de Musa antes de la misión más difícil de su vida: pidió un pecho abierto antes de pedir que se le facilitara el asunto, y ayuda para expresarse.
q20-46	La respuesta de Allah a Musa y Harún cuando dijeron «tememos que se precipite contra nosotros o se exceda»: el miedo natural no se reprocha, y su remedio es recordar que Allah está contigo.
q26-61	El mar delante y el enemigo detrás, y todo cálculo decía «seremos alcanzados», pero la certeza dijo «¡No!». Después llegó el alivio de donde nadie esperaba.
q28-7	La madre usa los medios y después confía su hijo a Allah; Él le prohibió tanto el miedo (al futuro) como la tristeza (por la separación).
q27-62	La desesperación acerca la respuesta; los momentos de angustia severa son los momentos de la súplica más sincera.
q2-186	Allah no dijo «di entonces: estoy cerca», sino que respondió directamente «Yo estoy cerca», señal de que no hay intermediario entre el siervo y su Señor en la súplica.
q40-60	La súplica es un acto de adoración ordenado, con promesa de respuesta, y la respuesta puede ser dando, apartando un mal o guardando la recompensa.
q93-3	Revelada cuando la revelación se detuvo y los idólatras dijeron «su Señor lo ha abandonado»; es un remedio para la sensación de abandono: Allah no te ha dejado.
q15-97	Allah sabe cómo se oprime tu pecho por lo que dice la gente, y el remedio que ofrece es la glorificación, la postración y seguir en la adoración, no enredarse en responder.
q16-127	La paciencia misma es un don de Allah que hay que pedirle, junto con una advertencia contra preocuparse en exceso por las intrigas de la gente.
q10-62	Estar cerca de Allah no es un rango sobrenatural, sino fe y piedad, y su fruto es estar a salvo del miedo y la tristeza.
q11-115	Cuando la gente no ve tu esfuerzo, Allah no deja que se pierda.
q2-214	Incluso el Mensajero y los creyentes que estaban con él estaban tan angustiados que dijeron «¿Cuándo llegará el auxilio de Allah?»; la pregunta no es fe débil, y la respuesta es: está cerca.
q9-51	La certeza de que lo que está escrito para ti no se te escapará libera el corazón de la ansiedad crónica por el futuro.
q3-200	Tres niveles: la paciencia con uno mismo, la paciencia perseverante en un camino largo y frente al adversario, y permanecer en el puesto, firme en la propia posición.
q39-53	La aleya más esperanzadora del Libro de Allah según muchos de los primeros sabios: se dirigió a los transgresores como «Oh siervos Míos», sin quitarles nunca su pertenencia a Él.
q3-135	Entre las cualidades de los piadosos está que pueden caer en el pecado, pero la diferencia es que vuelven pronto y no persisten.
q25-70	El arrepentimiento sincero no solo borra el pasado; lo convierte en buenas obras, de modo que el pasado ya no es una cadena.
q11-114	Revelada sobre un hombre que besó a una mujer y vino lleno de remordimiento (al-Bukhari 526): las buenas obras borran las malas, y el remedio es la acción positiva, no solo el remordimiento.
q4-110	La puerta del perdón está abierta para todo pecado, con una petición sincera de perdón.
q66-8	El arrepentimiento sincero: remordimiento por lo pasado, dejarlo ahora, el propósito de no volver y devolver a la gente sus derechos si están implicados.
q20-82	La forma intensiva «Gaffar» significa un perdón abundante y repetido, para quien repite su arrepentimiento.
q7-23	El primer arrepentimiento de la historia humana: reconocimiento sin justificación, a diferencia de Iblis, que justificó su desobediencia.
q71-10	El Corán vincula pedir perdón con un sustento y una descendencia abundantes; al-Hasan al-Basri aconsejaba pedir perdón a quienes se quejaban de sequía, pobreza o de tener pocos hijos.
q15-49	Equilibrio entre esperanza y temor: el perdón y la misericordia van primero, después el recordatorio del castigo, para que la esperanza no se convierta en descuido.
q7-156	La misericordia de Allah es más amplia que cualquier pecado y cualquier circunstancia.
q6-54	Quien desobedece a Allah lo hace por ignorancia (de las consecuencias), como dijeron los primeros sabios, y enmendarse después del arrepentimiento es una condición para completarlo.
q42-40	Tres niveles: la justicia (lo equivalente), la virtud (el perdón con reconciliación) y la injusticia (excederse), que Allah no ama. El perdón loable es el que va acompañado de arreglar las cosas.
q42-43	La paciencia ante el daño y el perdón son parte de «la entereza en los asuntos»: necesitan fuerza de voluntad, no debilidad.
q42-37	No los elogió por no enfadarse nunca, sino por perdonar cuando se enfadan; la ira es naturaleza, el perdón es una elección.
q41-34	Una estrategia coránica para convertir a un enemigo en amigo: responder con lo mejor, no con lo mismo, reconociendo que es difícil y que solo lo logran los pacientes.
q24-22	Revelada sobre Abu Bakr cuando juró no gastar más en su pariente Mistah después de que este participara en la calumnia; dijo: «Sí, por Allah, me gusta que Allah me perdone», y retomó su ayuda.
q7-199	Una regla completa para tratar con la gente: acepta de ellos lo que surge con facilidad de su carácter, ordena el bien, apártate de los ignorantes y busca refugio en Allah cuando se agita la ira.
q25-63	«Paz» significa palabras con las que se mantienen libres de pecado; no igualan a los necios en su necedad.
q16-126	El Corán permite responder con lo equivalente como justicia, y después anima a la paciencia porque es mejor; eres libre de elegir entre tu derecho y lo mejor.
q64-14	Incluso dentro de la familia puede llegar el daño, y lo que se pide es cautela junto con perdón, indulgencia y misericordia, no cortar los lazos.
q15-85	El perdón generoso: perdonar sin reproche, sin daño y sin echar en cara.
q59-10	Una súplica para purificar el corazón del rencor y el resentimiento; un corazón sano no se logra solo con fuerza de voluntad, sino también con la súplica.
q5-8	Tu antipatía hacia una persona o un pueblo no te permite ser injusto con ellos; la justicia con el adversario es la verdadera prueba de la piedad.
q16-90	Dijo Ibn Masud: Es la aleya más completa del Corán sobre el bien y el mal. La justicia es la base, y la excelencia se eleva por encima de ella.
q14-42	Aplazar el castigo no es descuido ni abandono; es consuelo para el oprimido y advertencia para el injusto.
q42-41	Reclamar tu derecho tras sufrir una injusticia es legítimo e irreprochable; el perdón es una virtud, no una obligación.
q4-148	Quien sufre una injusticia puede quejarse de ella y mencionar lo que hizo el injusto ante quien pueda hacerle justicia, y esto no es la murmuración prohibida.
q6-164	Nadie carga con el pecado de otro: no castigues a un hijo por el pecado de su padre, ni a una familia por el error de uno de sus miembros.
q6-152	Justicia en la palabra y en el testimonio, incluso con los parientes.
q4-58	Toda responsabilidad es un depósito: el dinero, el cargo, los secretos y las palabras.
q17-34	Las promesas y los contratos son una responsabilidad por la que se preguntará a cada persona ante Allah.
q28-26	Un criterio coránico para contratar y elegir: la competencia («el fuerte») y la honradez juntas.
q66-11	La esposa del Faraón vivía en la casa de un tirano, así que pidió el Vecino antes que la casa —«junto a Ti»— y pidió ser salvada; suplicar escapar de un entorno de opresión es legítimo.
q28-21	Salir de un entorno peligroso es usar los medios y no contradice la confianza en Allah; Musa salió con miedo, y suplicó.
q49-6	El método de verificar antes de juzgar: no se debe basar ninguna decisión en una noticia poco fiable, o llegará el arrepentimiento.
q49-10	Reconciliar a quienes están enfrentados es uno de los mayores actos de devoción, y la misericordia es el fruto de temer a Allah en las disputas.
q49-11	La burla, la difamación y los apodos hirientes están prohibidos, y «no os difaméis a vosotros mismos» significa que tu hermano es como tú: quien lo insulta se insulta a sí mismo.
q49-12	Tres eslabones de una cadena: la sospecha lleva al espionaje, el espionaje expone los defectos, y después viene la murmuración; el Corán corta la cadena en su inicio.
q49-13	La medida del honor ante Allah es la piedad, no el linaje, el color ni la riqueza: la base para rechazar el racismo y la jactancia.
q17-53	No dijo «lo que es bueno», sino «lo que es mejor»: elige las mejores palabras posibles, porque Satanás aprovecha las palabras duras para sembrar la enemistad.
q2-83	La orden de hablar bien es general para todas las personas, creyentes y no creyentes.
q24-15	«Lo recibíais con vuestras lenguas», no con vuestros oídos: una imagen de lo rápido que se propaga un rumor antes de pasar por la mente.
q24-12	El primer deber al oír una acusación: pensar bien del acusado como lo harías de ti mismo, y no transmitir lo que se dice.
q24-11	Incluso una acusación falsa trae un bien para quien la sufre: recompensa, la separación entre el sincero y el hipócrita, y una reivindicación mayor.
q50-18	Cada palabra queda registrada; recordarlo antes de hablar es un remedio para la murmuración y los deslices de la lengua.
q4-114	Las conversaciones privadas no tienen bien alguno salvo lo que trata de la caridad, la bondad o la reconciliación; haz que tus conversaciones privadas sean para arreglar las cosas.
q16-125	El diálogo con quien discrepa es con sabiduría, buen consejo y debatiendo de la mejor manera, no con dureza y palabras hirientes.
q20-44	Si a Musa se le ordenó ser suave con el tirano Faraón, la suavidad con un padre, un cónyuge o un amigo es aún más apropiada.
q31-18	La guía de Luqman a su hijo sobre la humildad y bajar la voz; levantar la voz en una discusión no hace más fuerte tu argumento.
q33-70	La palabra acertada: veraz, recta y certera; su fruto es que las obras quedan enmendadas.
q61-2	La contradicción entre las palabras y los actos quita a las palabras su efecto, sobre todo en un padre, un maestro o un líder.
q4-86	Un principio de conducta: responde a un saludo o a un gesto amable con algo mejor.
q2-263	Una palabra amable y el perdón son mejores que una caridad seguida de reproches o daño.
q17-23	La bondad con los padres va unida a la adoración solo de Allah, y se destaca la vejez porque es un tiempo de debilidad y de poca paciencia; incluso decir «uf» está prohibido.
q31-14	Incluso a los padres que presionan a su hijo sobre el asunto más grave (asociar a otros con Allah) hay que acompañarlos con bondad; la obediencia es en el bien, y honrarlos nunca decae.
q46-15	La súplica de quien llega a los cuarenta: gratitud por las bendiciones sobre él y sobre sus padres, pedir una descendencia recta y renovar el arrepentimiento.
q19-43	Ibrahim seguía diciendo «Oh padre mío» con dulzura, y cuando su padre lo amenazó con lapidarlo respondió «La paz sea contigo»; discrepar en las cuestiones más grandes no anula los buenos modales.
q30-21	Los fines del matrimonio: sosiego, afecto y misericordia. Algunos exégetas dijeron: el afecto está en la juventud y la misericordia en la vejez; cuando el afecto se debilita, la misericordia permanece.
q4-19	Convivir con bondad se exige incluso cuando hay desagrado, y un desagrado pasajero no justifica derribar un matrimonio.
q4-35	Un mecanismo coránico para resolver los conflictos conyugales: una mediación sabia de ambas partes, y una intención sincera de reconciliar es la condición del éxito.
q4-128	«Y la reconciliación es mejor» es una regla general: el acuerdo y las concesiones mutuas son mejores que la ruptura.
q2-237	Revelada en el contexto del divorcio: incluso en la separación, no olvidéis la bondad y la generosidad que hubo entre vosotros.
q2-187	Los esposos son abrigo, refugio y cercanía el uno para el otro; cada uno oculta los defectos del otro y lo protege.
q2-229	Si el matrimonio continúa, es con bondad; si termina, es con buen trato: no hay lugar para causar daño en ninguno de los dos casos.
q25-74	La súplica de los siervos del Misericordioso por su familia: que sea alegría para los ojos, una fuente de paz y de gozo.
q66-6	La responsabilidad de la educación empieza por uno mismo —«a vosotros mismos»— antes que por la familia: el ejemplo antes que la instrucción.
q31-13	Un modelo coránico para aconsejar a los hijos: llamarlos con afecto «Oh hijito mío», empezar por los fundamentos, dar razones de las órdenes y unirlo todo a la paciencia.
q20-132	«Y sé constante» en forma intensiva: la educación necesita una paciencia larga y repetida, no una sola orden.
q18-46	La riqueza y los hijos son adorno, no la meta; lo que permanece son las buenas obras.
q4-1	Los lazos de parentesco se mencionan junto al nombre de Allah en la orden de ser conscientes de Él, lo que muestra lo grande que es su vínculo.
q47-22	Cortar los lazos de parentesco aparece emparejado con sembrar la corrupción en la tierra.
q13-21	Entre las cualidades de las personas de entendimiento está unir lo que Allah ha ordenado unir, empezando por los lazos de parentesco.
q4-36	Los diez círculos de la bondad: desde los padres hasta el vecino lejano y el compañero de viaje y de trabajo.
q28-56	Revelada sobre Abu Talib: el propio Profeta ﷺ no pudo guiar a la persona que más quería. Tu parte es transmitir y ser bondadoso; la guía pertenece a Allah.
q88-21	Tu papel es recordar, no controlar los corazones de los demás.
q18-6	Un reproche misericordioso al Profeta ﷺ por entristecerse tan profundamente por quienes no respondían; no te destruyas de pena por las elecciones de otros.
q2-256	La fe no se puede imponer por la fuerza; la claridad es el camino.
q60-8	La bondad y la justicia con los no musulmanes que viven en paz son legítimas y amadas por Allah.
q11-6	El sustento de toda criatura viva está garantizado por Allah; esto no anula el esfuerzo, sino que le quita la ansiedad.
q51-22	Allah juró por el sustento con la misma certeza con que estás seguro de tu propio hablar: una garantía que corta el susurro del miedo a la pobreza.
q2-280	El derecho del deudor en apuros a que se le dé tiempo es obligatorio, y condonar la deuda es una caridad mejor.
q2-268	El miedo excesivo a la pobreza es un susurro satánico que empuja a la avaricia o a lo ilícito, mientras que Allah promete perdón y favor.
q34-39	Gastar en el bien no disminuye la riqueza; se repone.
q14-7	La gratitud trae aumento, y empieza por notar la bendición que tienes antes de pedir lo que te falta.
q67-15	La orden de recorrer la tierra en busca del sustento: el esfuerzo es adoración, y la confianza en Allah no significa quedarse sentado.
q62-10	Equilibrio entre la adoración y el trabajo: la oración, y después dispersarse buscando el sustento recordando a Allah.
q4-32	El remedio de la envidia: en lugar de desear lo que tienen otros, trabaja por tu propia parte y pide a Allah de Su inmenso favor.
q20-131	Mirar constantemente lo que tienen los demás estropea la conformidad; lo que tienen es una «flor», hermosa pero que se marchita pronto.
q113-5	Una sura para buscar refugio de los males externos, entre ellos la envidia; el Profeta ﷺ recitaba las dos últimas suras y buscaba protección con ellas.
q17-29	Moderación económica: ni avaricia ni derroche que lleve al arrepentimiento y a las deudas.
q25-67	Entre las cualidades de los siervos del Misericordioso está el equilibrio en el gasto.
q28-24	Musa era un extranjero hambriento y sin trabajo, y aun así ayudó primero a otros y después suplicó; después le llegaron el trabajo, el matrimonio y la seguridad.
q59-9	Preferir a otros en un momento de necesidad es la cumbre de la generosidad, y el éxito está en ser protegido de la avaricia del alma.
q76-8	Quien trabaja por Allah no se hunde cuando no se lo agradecen, porque nunca esperó agradecimiento desde el principio.
q93-9	Quien ha probado la orfandad y la necesidad (como el Profeta ﷺ) es el más indicado para ser bondadoso con los huérfanos y los necesitados.
q5-2	La medida de la cooperación en el trabajo y en la amistad: cooperad en el bien, y no en el pecado.
q83-1	Quitar en la medida incluye a todo el que exige su derecho completo mientras recorta el derecho de los demás: en el comercio, el trabajo y la evaluación.
q53-39	Los resultados van unidos al esfuerzo, y el esfuerzo mismo se conserva y Allah lo ve, aunque el resultado no esté completo.
q9-105	Tu trabajo lo ve Allah aunque no lo vean tu jefe ni la gente.
q13-11	El cambio empieza desde dentro: las convicciones, los hábitos y la intención.
q29-69	El esfuerzo es la condición para ser guiado a los caminos; a cada paso sincero le responde un camino que se abre.
q3-159	Un método completo de liderazgo: suavidad, después perdón, después pedir perdón por los demás, después consulta, después determinación y después confianza en Allah.
q42-38	La consulta es una cualidad de la comunidad creyente, incluida la consulta entre esposos en los asuntos de la casa.
q18-23	Planificar es necesario, con humildad ante un futuro que solo Allah controla.
q17-36	No sigas ni construyas un juicio sobre lo que no sabes con certeza; el oído, la vista y el corazón serán interrogados.
q39-36	Una pregunta retórica que corta el miedo a la gente: Allah te basta.
q40-44	Lo dijo el creyente de la familia del Faraón después de decir la verdad y temer las consecuencias: confiar el asunto a Allah después de cumplir con el deber.
q6-17	El daño y el beneficio están solo en manos de Allah, así que no te ates a la gente de un modo que esclavice el corazón.
q35-2	Lo que Allah te ha asignado nadie puede retenerlo, y lo que Él retiene nadie puede darlo: un remedio para la envidia y la ansiedad por los competidores.
q3-26	Los cargos y el honor están en manos de Allah; Él los da y los quita. Que no se engañe quien tiene un cargo, ni desespere quien lo perdió.
q11-88	Lo dijo Shuayb: la meta del reformador es «en la medida de mis posibilidades», y el resultado es con la ayuda de Allah.
q91-9	El éxito depende de purificar el alma, y el fracaso está en descuidarla y sepultarla en los pecados.
q79-40	Resistir los propios deseos es señal de temor a Allah, y su recompensa es el Paraíso.
q12-53	Reconocer la debilidad del alma no es una derrota, sino un realismo que protege del orgullo e impulsa a buscar la ayuda de Allah.
q53-32	No te alabes ni te declares perfecto; Allah conoce mejor la realidad de los corazones.
q57-20	Una descripción precisa de las etapas del apego a este mundo, que terminan todas en escombros: un remedio para la carrera de la comparación.
q3-185	La muerte es una realidad compartida, y el verdadero éxito se mide por la otra vida, no por los criterios mundanos.
q16-97	La vida buena se promete en este mundo antes que en el otro; los primeros sabios la explicaron como conformidad, satisfacción y la dulzura de la obediencia.
q20-124	La estrechez interior puede ser un efecto de la lejanía de Allah, aunque los medios materiales abunden.
q2-152	La mayor compañía: que tú recuerdes a Allah y Él te recuerde a ti.
q4-28	Allah conoce la debilidad humana y quiere aligerar las cosas; la Sharía es misericordia, no una carga.
q2-185	Un principio universal: la facilidad es un fin de la Sharía, y ser duro con uno mismo va contra lo que Allah quiere.
q22-78	Eliminar la dificultad es un fundamento de la Sharía: un remedio para los susurros y la rigidez excesiva.
q24-30	Bajar la mirada es el primer paso para proteger el corazón y el cuerpo, y es «más puro»: más limpio y mejor para el alma.
q24-33	Mantenerse casto con un esfuerzo consciente mientras se espera el alivio de Allah mediante el matrimonio.
q17-32	La prohibición es de «acercarse», no solo del acto: cortar los caminos que llevan a él, como el aislamiento a solas, las miradas y las conversaciones privadas.
q24-21	El extravío no llega de golpe, sino por pasos; ser consciente del primer paso es más fácil que resistir el último.
q29-45	La oración con el corazón presente construye una barrera interior contra la indecencia.
q5-90	La orden de evitar es más fuerte que una simple prohibición: aléjate de todo el entorno.
q114-1	El susurrador «que se retira» retrocede cuando se recuerda a Allah; el remedio es buscar refugio y apartarse, no discutir con él.
q23-97	Buscar refugio de las incitaciones de Satanás que despiertan la ira, el deseo y los susurros.
q59-18	Rendirse cuentas cada día: ¿qué has adelantado para mañana?
q103-1	Dijo al-Shafii: Si Allah no hubiera revelado a Su creación otra prueba que esta sura, les habría bastado. El tiempo es tu capital, y la salvación llega por cuatro cosas.
q23-115	Tu vida tiene sentido y propósito; no fuiste creado en vano, y todo lo que vives tiene peso.
q6-162	Una sola dirección: cuando toda tu vida es para Allah, el peso de la aprobación de la gente se aligera.
q4-29	Tu alma es un depósito, y Allah es misericordioso contigo; que la aleya termine con la misericordia habla a quien sufre antes que a quien falla.
q2-195	Protegerse de la destrucción es obligatorio, y esto incluye buscar tratamiento y descanso.
q17-82	El Corán es curación para los corazones de las dudas y las preocupaciones, y esto no está reñido con usar los medios médicos.
q10-57	Una curación para lo que hay en los pechos: de la preocupación, la confusión y los susurros.
q26-80	La delicadeza de Ibrahim: atribuyó la enfermedad a sí mismo —«cuando enfermo»— y la curación a Allah.
q50-16	Allah está más cerca de ti que nadie; no hay soledad con esta cercanía.
q2-45	La oración pesa para quien no tiene humildad, pero para los humildes es descanso y refugio: «Danos descanso con ella, oh Bilal».
q7-56	La súplica está entre el temor y la esperanza, y la misericordia está cerca de quienes hacen el bien.
q33-21	La aleya sobre la que se construye esta aplicación: el Profeta ﷺ es un ejemplo práctico en cada situación humana, para quien espera en Allah y lo recuerda.
q68-4	Preguntaron a Aisha por su carácter y dijo: Su carácter era el Corán (Muslim 746).
q9-128	Las cualidades de un líder misericordioso: le duele que sus seguidores sufran, y desea con afán su bien.
q21-107	La misericordia es para todos los mundos: humanos y animales, creyentes y no creyentes.
q18-28	La buena compañía necesita «paciencia» y una elección consciente, y es una de las causas más fuertes de la firmeza.
q43-67	Toda amistad no construida sobre la piedad se convertirá en enemistad el Día de la Resurrección.
q25-27	Una advertencia contra el compañero que te aleja de Allah, aunque te sea querido.
q8-46	La disputa interna debilita a cualquier equipo, familia o sociedad y le quita su fuerza.
q3-103	La armonía después de la enemistad es una bendición de Allah, que hay que pedirle y conservar aferrándose juntos.
q3-8	Una súplica de firmeza: la guía es una bendición que necesita protección constante.
q2-201	La súplica que más hacía el Profeta ﷺ, según dijo Anas (al-Bukhari 6389); reúne el bien de este mundo y del otro.
q2-250	«Derrama sobre nosotros» pinta la paciencia vertiéndose hasta llenar el corazón.
q21-89	La súplica de Zakariyya en su vejez, pidiendo un hijo; mientras pedía, alabó a Allah como el mejor de los herederos, conforme con Su decreto.
q3-38	La súplica de Zakariyya cuando vio el favor de Allah con Maryam: pidió una descendencia «buena», no solo descendencia.
q18-10	La súplica de los jóvenes cuando se refugiaron en la cueva sin un plan claro: pidieron misericordia y recta guía.
q14-40	Ibrahim suplica por sí mismo y por su descendencia para que establezcan la oración; la educación es súplica antes que instrucciones.
q7-126	La súplica de los magos que creyeron, cuando el Faraón los amenazó: pidieron paciencia y firmeza hasta la muerte.
