lib:h-niyya	La recompensa de las obras depende de las intenciones, y cada persona obtendrá la recompensa según lo que se propuso…
lib:h-qulub	Ciertamente, Allah no mira vuestros rostros ni vuestras riquezas, sino que mira vuestros corazones y vuestras obras.
lib:h-ridallah	Quien busca la complacencia de Allah a costa del descontento de la gente, Allah le basta frente a la gente. Y quien busca la complacencia de la gente a costa del descontento de Allah, Allah lo deja en manos de la gente.
lib:h-khafi	Allah ama al siervo temeroso de Él, que no depende de nadie y que pasa desapercibido (a la vista de la gente).
lib:h-ghadab-julus	Cuando uno de vosotros se enfade estando de pie, que se siente. Si se le va la ira, bien; si no, que se tumbe.
lib:h-ghadab-istiadha	Dos hombres se insultaron delante del Profeta ﷺ, y uno de ellos se enfureció y se le enrojeció la cara. El Profeta ﷺ dijo: «Conozco una palabra que, si la dijera, se le iría lo que siente: Me refugio en Allah de Satanás, el maldito».
lib:h-ghadab-sukut	Cuando uno de vosotros se enfade, que calle.
lib:h-kazm	Quien contiene su ira pudiendo desahogarla, Allah, el Altísimo, lo llamará el Día de la Resurrección delante de todas las criaturas y le dejará elegir de las doncellas del Paraíso a la que quiera.
lib:h-rifq	Ciertamente, Allah es amable y ama la amabilidad, y concede por la amabilidad lo que no concede por la dureza.
lib:h-rifq-zana	La amabilidad no está en nada sin embellecerlo, y no se quita de nada sin afearlo.
lib:h-muflis-tabbaan	El creyente no ataca el honor de la gente, ni maldice, ni comete indecencias, ni es malhablado.
lib:h-afw-izz	La caridad no disminuye la riqueza, nadie perdona a otro sin que Allah aumente su honor, y nadie se humilla por Allah sin que Allah eleve su rango.
lib:h-zulm-zulumat	Guardaos de la injusticia, pues la injusticia será tinieblas el Día de la Resurrección; y guardaos de la avaricia, pues la avaricia destruyó a quienes vinieron antes que vosotros.
lib:h-dawat-mazlum	Guárdate de la súplica del oprimido, pues entre ella y Allah no hay barrera.
lib:h-unsur	Ayuda a tu hermano, sea opresor u oprimido. La gente preguntó: «¡Oh Mensajero de Allah! Es justo ayudarle si es oprimido, pero ¿cómo le ayudamos si es opresor?». Dijo: «Impidiéndole oprimir a otros».
lib:h-muflis	¿Sabéis quién es el arruinado?… El arruinado de mi comunidad es quien llega el Día de la Resurrección con oración, ayuno y zakat, pero había insultado a este, calumniado a aquel, consumido la riqueza de este, derramado la sangre de aquel y golpeado a este; así que a este se le da parte de sus buenas obras, y a aquel parte de sus buenas obras…
lib:h-la-darar	No se debe causar daño ni responder al daño con daño.
lib:h-la-yuldagh	El creyente no es picado dos veces desde el mismo agujero.
lib:h-yuhibbu	Ninguno de vosotros creerá de verdad hasta que desee para su hermano lo que desea para sí mismo.
lib:h-la-tahasadu	No os envidiéis unos a otros, no os subáis los precios unos a otros, no os odiéis, no os deis la espalda y no os quitéis los negocios unos a otros; sed, oh siervos de Allah, hermanos…
lib:h-hasad-ithnatayn	No hay envidia sino en dos casos: un hombre al que Allah ha dado riqueza y la gasta en lo debido, y un hombre al que Allah ha dado sabiduría y juzga con ella y la enseña.
lib:h-hajr-thalath	No es lícito a un musulmán alejarse de su hermano más de tres noches, apartándose cada uno del otro cuando se encuentran; el mejor de los dos es el primero en saludar con la paz.
lib:h-istalaha	Las puertas del Paraíso se abren el lunes y el jueves, y se perdona a todo siervo que no asocia nada a Allah, salvo a un hombre que tiene rencor entre él y su hermano. Se dice: «Esperad a estos dos hasta que se reconcilien».
lib:h-islah	«¿No queréis que os informe de algo más meritorio que el rango del ayuno, la oración y la caridad?». Dijeron: «¡Claro!». Dijo: «Reconciliar a la gente; pues estropear las relaciones entre la gente es la que rasura (la que rasura la religión)».
lib:h-mira	Garantizo una casa en las afueras del Paraíso a quien deja de discutir, aunque tenga razón.
lib:h-afshu-salam	No entraréis en el Paraíso hasta que creáis, y no creeréis hasta que os améis unos a otros. ¿No queréis que os indique algo que, si lo hacéis, os amaréis? Difundid el saludo de paz entre vosotros.
lib:h-akhbirhu	Cuando un hombre ame a su hermano, que le diga que lo ama.
lib:h-tahadu	Haceos regalos y os amaréis.
lib:h-khalil	La persona sigue la religión de su amigo íntimo; así que mire cada uno de vosotros con quién se hace amigo.
lib:h-jalis	El ejemplo del buen compañero y del malo es el de quien lleva almizcle y el de quien sopla el fuelle del herrero…
lib:h-maa-man-ahabb	La persona estará con quienes ama.
lib:h-yashkur-nas	Quien no agradece a la gente no agradece a Allah.
lib:h-kafiuhu	Si alguien os hace un favor, recompensadle; y si no tenéis medios para hacerlo, suplicad por él hasta que sintáis que le habéis recompensado.
lib:h-ghiba	«¿Sabéis qué es la murmuración?». Dijeron: «Allah y Su Mensajero saben más». Dijo: «Que menciones a tu hermano de un modo que le desagrada». Se le dijo: «¿Y si lo que digo es cierto de mi hermano?». Dijo: «Si lo que dices es cierto de él, has murmurado de él; y si no es cierto, lo has calumniado».
lib:h-yaqul-khayran	Quien crea en Allah y en el Último Día, que diga el bien o que calle.
lib:h-kalima	Un siervo puede decir una palabra que complace a Allah sin darle mucha importancia, y por ella Allah lo eleva en grados; y un siervo puede decir una palabra que disgusta a Allah sin pensar en su gravedad, y por ella cae en el Infierno.
lib:h-muslim-salima	El musulmán es aquel de cuya lengua y de cuya mano están a salvo los musulmanes.
lib:h-zann	Guardaos de las suposiciones, pues la suposición es la más falsa de las palabras; no busquéis los defectos de los demás y no os espiéis…
lib:h-kalima-tayyiba	Una buena palabra es caridad.
lib:h-sitr	Quien alivia a un creyente de una de las dificultades de este mundo, Allah lo aliviará de una de las dificultades del Día de la Resurrección; quien facilita las cosas a alguien en apuros, Allah le facilitará las cosas en este mundo y en el otro; quien encubre (los defectos de) un musulmán, Allah encubrirá sus defectos en este mundo y en el otro. Allah ayuda al siervo mientras el siervo ayuda a su hermano…
lib:h-mujahirin	Todos mis seguidores serán perdonados salvo los que pecan abiertamente…
lib:h-munafiq	Las señales del hipócrita son tres: cuando habla, miente; cuando promete, falta a su promesa; y cuando se le confía algo, traiciona la confianza.
lib:h-da-ma-yaribuk	Deja lo que te hace dudar por lo que no te hace dudar. La sinceridad trae tranquilidad, mientras que la mentira trae duda.
lib:h-birr-ithm	La bondad es el buen carácter, y el pecado es lo que vacila en tu corazón y no te gustaría que la gente lo supiera.
lib:h-mustashar	Aquel a quien se consulta está en una posición de confianza.
lib:h-atqan	Allah ama que, cuando uno de vosotros hace un trabajo, lo haga con excelencia.
lib:h-ajir	Dad al trabajador su salario antes de que se seque su sudor.
lib:h-kullukum-rai	Todos vosotros sois pastores, y cada uno de vosotros es responsable de su rebaño…
lib:h-ada-dayn	Quien toma el dinero de la gente con intención de devolverlo, Allah lo devolverá por él; y quien lo toma con intención de malgastarlo, Allah lo arruinará.
lib:h-matl	El retraso del rico en pagar sus deudas es una injusticia.
lib:h-samh	Que Allah tenga misericordia de un hombre que es de trato fácil cuando vende, cuando compra y cuando reclama una deuda.
lib:h-inzar	Quien da un plazo a alguien en apuros, o le perdona la deuda, Allah lo cobijará bajo Su sombra.
lib:h-ghina-nafs	La riqueza no está en tener muchas posesiones; la verdadera riqueza es la riqueza del alma.
lib:h-kafaf	Ha triunfado quien ha aceptado el islam, ha recibido lo suficiente y Allah le ha hecho conformarse con lo que le dio.
lib:h-amin-sirbih	Quien de vosotros amanece seguro en su hogar, sano en su cuerpo y con su comida del día, es como si se le hubiera reunido el mundo entero.
lib:h-unzuru-asfal	Mirad a quienes están por debajo de vosotros y no miréis a quienes están por encima, pues es más adecuado para no menospreciar los favores de Allah sobre vosotros.
lib:h-tawakkul-tayr	Si confiarais en Allah como se debe confiar en Él, os proveería como provee a los pájaros: salen por la mañana hambrientos y vuelven por la tarde saciados.
lib:h-iqilha	Un hombre dijo: «¡Oh Mensajero de Allah! ¿La ato (mi camella) y confío en Allah, o la dejo suelta y confío en Allah?». Dijo: «Átala y confía en Allah».
lib:h-hatab	Es mejor para cualquiera de vosotros tomar una cuerda, traer un haz de leña a la espalda y venderlo, para que Allah salve su dignidad con ello, que pedir a la gente, le den o se lo nieguen.
lib:h-kafil-yatim	Yo y quien cuida de un huérfano estaremos así en el Paraíso, y señaló con los dedos índice y corazón.
lib:h-armala	Quien se esfuerza por la viuda y el pobre es como quien lucha en la causa de Allah, o como quien reza toda la noche y ayuna todo el día.
lib:h-la-tahqiranna	No consideres insignificante ningún acto de bondad, aunque sea recibir a tu hermano con un rostro alegre.
lib:h-anfauhum	Las personas más amadas por Allah son las más beneficiosas para la gente…
lib:h-khayrukum-ahlih	El mejor de vosotros es el mejor con su familia, y yo soy el mejor de vosotros con mi familia.
lib:h-akmal-iman	El más completo de los creyentes en la fe es el de mejor carácter, y los mejores de vosotros son los mejores con sus esposas.
lib:h-la-yafrak	Que un creyente no deteste a una creyente; si le disgusta un rasgo suyo, le complacerá otro.
lib:h-istawsu	Tratad bien a las mujeres.
lib:h-radiya-ghadba	«Sé cuándo estás contenta conmigo y cuándo estás enfadada conmigo… Cuando estás contenta conmigo, dices: “No, por el Señor de Muhammad”, y cuando estás enfadada, dices: “No, por el Señor de Ibrahim”». Ella dijo: «Sí, por Allah, oh Mensajero de Allah, no dejo más que tu nombre».
lib:h-mataa	Este mundo es un disfrute, y el mejor disfrute de este mundo es una mujer virtuosa.
lib:h-dhat-din	Una mujer se casa por cuatro cosas: su riqueza, su linaje, su belleza y su religión. Elige a la religiosa, y prosperarás.
lib:h-tardawna	Cuando os pida matrimonio alguien cuya religión y carácter os satisfagan, casadlo (con vuestra hija). Si no lo hacéis, habrá desorden en la tierra y una corrupción extendida.
lib:h-shabab	Oh jóvenes, quien de vosotros pueda casarse, que se case, pues baja la mirada y protege la castidad; y quien no pueda, que ayune, pues será un escudo para él.
lib:h-thalatha-awn	Hay tres a quienes Allah se ha comprometido a ayudar: quien se esfuerza en la causa de Allah, el esclavo que tiene un contrato para comprar su libertad y tiene intención de pagar, y quien se casa buscando la castidad.
lib:h-rughm	«¡Que se le refriegue la nariz en el polvo, que se le refriegue la nariz en el polvo, que se le refriegue la nariz en el polvo!». Se le dijo: «¿Quién, oh Mensajero de Allah?». Dijo: «Quien alcanza a sus padres en la vejez, a uno o a los dos, y no entra en el Paraíso (sirviéndoles)».
lib:h-rida-walid	La complacencia del Señor está en la complacencia del padre, y la ira del Señor está en la ira del padre.
lib:h-asma-umm	Dijo Asma: Mi madre vino a mí siendo politeísta… Pregunté al Mensajero de Allah ﷺ: «Mi madre ha venido deseando (mi bondad); ¿mantengo el vínculo con ella?». Dijo: «Sí, mantén el vínculo con tu madre».
lib:h-sila-rizq	A quien le guste que se le amplíe el sustento y se le prolongue la vida, que mantenga los lazos de parentesco.
lib:h-mal	Un hombre dijo: «Oh Mensajero de Allah, tengo parientes con los que mantengo los lazos pero ellos los cortan; los trato bien pero ellos me tratan mal; tengo paciencia con ellos pero ellos se comportan con necedad conmigo». Dijo: «Si eres como dices, es como si les dieras de comer ceniza caliente, y seguirás teniendo un auxiliar de parte de Allah contra ellos mientras sigas así».
lib:h-adl-awlad	Temed a Allah y sed justos entre vuestros hijos.
lib:h-yarham-saghir	No es de los nuestros quien no tiene misericordia con nuestros pequeños ni reconoce el honor de nuestros mayores.
lib:h-rahimun	El Misericordioso tiene misericordia de los misericordiosos. Sed misericordiosos con quienes están en la tierra, y Quien está por encima de los cielos tendrá misericordia de vosotros.
lib:h-walad-salih	Cuando una persona muere, sus obras terminan salvo tres: una caridad continua, un conocimiento del que se saca provecho o un hijo virtuoso que suplica por ella.
lib:h-kalima-lil-ahl	…No gastarás nada buscando la Faz de Allah sin que se te recompense por ello, incluso el bocado de comida que pones en la boca de tu esposa.
lib:h-ajaban	¡Qué maravilloso es el asunto del creyente! Todos sus asuntos son buenos, y esto no es para nadie salvo para el creyente: si le ocurre algo bueno, agradece, y eso es bueno para él; y si le ocurre algo malo, tiene paciencia, y eso es bueno para él.
lib:h-nasab	No alcanza al musulmán cansancio, enfermedad, preocupación, tristeza, daño ni angustia, ni siquiera el pinchazo de una espina, sin que Allah expíe con ello parte de sus pecados.
lib:h-ashadd-bala	Se le preguntó: «¿Quiénes son las personas más duramente probadas?». Dijo: «Los profetas, luego los más cercanos a ellos, luego los más cercanos a ellos. El hombre es probado según su religión…».
lib:h-azam-jaza	Ciertamente, la mayor recompensa viene con la mayor prueba. Y cuando Allah ama a un pueblo, lo pone a prueba; así que quien se conforma tiene (Su) complacencia, y quien se disgusta tiene (Su) disgusto.
lib:h-maradh-kutib	Cuando un siervo enferma o viaja, se le anota lo mismo que solía hacer estando en casa y con buena salud.
lib:h-dawa	Allah no ha hecho descender ninguna enfermedad sin haber hecho descender también su cura.
lib:h-tadawaw	Buscad tratamiento médico, pues Allah no ha puesto una enfermedad sin poner un remedio para ella, salvo una enfermedad: la vejez.
